(Project ????????)
(Created by Estlcam version 11 build 11,245)
(Machining time about 00:00:06 hours)


G90
G92 X0 Y0 Z0
G00 X0.0000 Y0.0000 Z0.0000 F2100
G00 X0.0000 Y0.0000 Z5.0000 F500


(No. 1: ?????????? 1)
G00 X36.1751 Y57.2061 F2100
G00 Z0.5000 F480
G01 Z0.0000 F70.000 S24000
G01 Z-9.5000 F70.000
G02 X34.7665 Y59.6700 I18.0698 J11.9654 F360.000
G02 X34.2324 Y61.0279 I575.1790 J227.0138 F360.000
G02 X33.6566 Y62.9984 I6.1476 J2.8658 F360.000
G02 X33.0803 Y68.2820 I34.2572 J6.4097 F360.000
G02 X33.6112 Y71.4192 I17.7225 J-1.3853 F360.000
G02 X34.6070 Y73.9675 I9.6693 J-2.3100 F360.000
G03 X34.4269 Y75.0234 I-0.7938 J0.4079 F360.000
G03 X32.0871 Y76.9049 I-8.5080 J-8.1850 F360.000
G02 X31.8260 Y76.9697 I0.0539 J0.7753 F360.000
G02 X31.7866 Y77.0317 I0.0487 J0.0744 F360.000
G03 X30.2837 Y77.6675 I-3.7498 J-6.7695 F360.000
G03 X28.1634 Y78.3627 I-10.1565 J-27.3938 F360.000
G02 X26.7660 Y78.6882 I0.4151 J4.9456 F360.000
G02 X25.8715 Y78.8814 I10.6011 J51.2505 F360.000
G02 X25.8405 Y78.9074 I0.0369 J0.0753 F360.000
G01 X25.8364 Y78.9208 F360.000
G01 X25.8287 Y78.9338 F360.000
G03 X24.9916 Y79.0105 I-0.6664 J-2.6667 F360.000
G02 X24.0591 Y79.1531 I0.3893 J5.6678 F360.000
G03 X20.3796 Y79.1549 I-1.8514 J-23.6496 F360.000
G02 X20.0518 Y79.0554 I-0.8604 J2.2448 F360.000
G02 X18.8208 Y78.9593 I-9.3202 J111.4368 F360.000
G03 X18.6873 Y78.9067 I0.0060 J-0.2111 F360.000
G02 X18.3859 Y78.7977 I-0.2504 J0.2212 F360.000
G03 X17.1772 Y78.4926 I0.1458 J-3.1245 F360.000
G02 X16.4448 Y78.3404 I-1.4246 J5.0164 F360.000
G03 X15.9645 Y78.0163 I1.2005 J-2.2972 F360.000
G03 X15.6798 Y77.9301 I2.6115 J-9.1321 F360.000
G03 X15.6341 Y77.8460 I0.0650 J-0.0898 F360.000
G02 X15.1427 Y77.7498 I-0.4008 J0.7435 F360.000
G03 X14.6353 Y77.4433 I0.0986 J-0.7365 F360.000
G02 X14.3363 Y77.3187 I-0.3345 J0.3818 F360.000
G03 X12.4734 Y76.3225 I3.9712 J-9.6661 F360.000
G01 X12.4605 Y76.3003 F360.000
G02 X12.2834 Y76.2061 I-0.1525 J0.0732 F360.000
G03 X11.0228 Y75.3822 I2.9955 J-5.9594 F360.000
G03 X9.0390 Y73.7493 I9.1660 J-13.1573 F360.000
G02 X8.4018 Y73.0415 I-1.6416 J0.8371 F360.000
G03 X7.9508 Y72.5318 I0.6752 J-1.0518 F360.000
G02 X7.5075 Y71.9547 I-2.0530 J1.1182 F360.000
G02 X7.2578 Y71.5749 I-1.1837 J0.5061 F360.000
G03 X6.6448 Y70.9116 I2.5552 J-2.9764 F360.000
G02 X6.1108 Y69.9667 I-3.8828 J1.5709 F360.000
G03 X5.8283 Y69.2881 I1.1044 J-0.8579 F360.000
G02 X5.6456 Y69.1420 I-0.1903 J0.0507 F360.000
G03 X5.5482 Y68.8360 I0.5235 J-0.3351 F360.000
G02 X5.3807 Y68.7169 I-0.2494 J0.1735 F360.000
G03 X5.2834 Y68.2546 I1.1317 J-0.4798 F360.000
G02 X5.1159 Y68.0146 I-0.4367 J0.1262 F360.000
G03 X5.0185 Y67.5300 I1.5634 J-0.5662 F360.000
G02 X4.8603 Y67.3800 I-0.1864 J0.0383 F360.000
G03 X4.7604 Y66.9261 I0.8459 J-0.4241 F360.000
G02 X4.6023 Y66.8376 I-0.1055 J0.0030 F360.000
G03 X4.5105 Y66.3785 I0.5426 J-0.3473 F360.000
G02 X4.3819 Y66.0589 I-0.3215 J-0.0563 F360.000
G03 X4.2534 Y65.6653 I0.3475 J-0.3313 F360.000
G02 X4.1385 Y65.0303 I-1.0000 J-0.1469 F360.000
G03 X4.0046 Y64.7780 I0.1050 J-0.2174 F360.000
G02 X3.9218 Y64.0659 I-2.8856 J-0.0256 F360.000
G02 X3.8522 Y63.9881 I-0.0939 J0.0139 F360.000
G01 X3.8397 Y63.9803 F360.000
G03 X3.7323 Y62.5370 I6.4737 J-1.2075 F360.000
G03 X3.8057 Y58.3123 I38.2366 J-1.4482 F360.000
G03 X3.8397 Y58.1974 I0.2519 J0.0121 F360.000
G01 X3.8522 Y58.1897 F360.000
G02 X3.9745 Y57.7786 I-0.4271 J-0.3507 F360.000
G03 X4.0429 Y56.9491 I2.9925 J-0.1708 F360.000
G03 X4.1622 Y56.8937 I0.0871 J0.0315 F360.000
G02 X4.2530 Y56.3101 I-0.9104 J-0.4406 F360.000
G03 X4.3607 Y55.9135 I0.5773 J-0.0561 F360.000
G02 X4.5106 Y55.5614 I-0.3039 J-0.3372 F360.000
G03 X4.8881 Y53.8539 I6.2943 J0.4961 F360.000
G03 X5.1059 Y52.8072 I17.1232 J3.0182 F360.000
G03 X5.2597 Y52.6218 I1.7097 J1.2611 F360.000
G02 X5.3554 Y51.9736 I-5588.2451 J-825.4094 F360.000
G03 X5.5021 Y51.8388 I0.2127 J0.0842 F360.000
G02 X5.5995 Y51.3798 I-1.1847 J-0.4911 F360.000
G03 X5.7480 Y51.2258 I0.1936 J0.0381 F360.000
G02 X5.8503 Y50.4972 I-1.7046 J-0.6108 F360.000
G03 X5.9255 Y50.2237 I0.5260 J-0.0025 F360.000
G02 X6.0833 Y49.8909 I-0.1990 J-0.2981 F360.000
G03 X6.4910 Y49.1213 I2.3457 J0.7497 F360.000
G02 X6.7267 Y48.4126 I-3.9456 J-1.7059 F360.000
G02 X6.8617 Y48.3032 I-2.2387 J-2.8995 F360.000
G03 X6.9526 Y47.9791 I1.2335 J0.1711 F360.000
G02 X7.1167 Y47.8905 I-0.2403 J-0.6414 F360.000
G02 X7.2020 Y47.5773 I-2.6599 J-0.8926 F360.000
G02 X7.3890 Y47.3554 I-1.7618 J-1.6750 F360.000
G03 X7.4715 Y46.9425 I3.4755 J0.4797 F360.000
G02 X7.8539 Y46.2041 I-1.2185 J-1.0992 F360.000
G03 X8.1046 Y45.7663 I0.9336 J0.2439 F360.000
G02 X8.2380 Y45.5980 I-0.0161 J-0.1498 F360.000
G03 X9.2549 Y43.7684 I129.2010 J70.6129 F360.000
G03 X9.3727 Y43.5954 I0.1815 J-0.0030 F360.000
G02 X9.5469 Y43.4453 I0.0231 J-0.1493 F360.000
G03 X10.5204 Y42.1430 I8.8427 J5.5949 F360.000
G03 X12.0394 Y40.4461 I10.9789 J8.2997 F360.000
G02 X12.8715 Y39.6250 I-3.6406 J-4.5210 F360.000
G03 X15.5046 Y37.3829 I75.1435 J85.5830 F360.000
G02 X15.9038 Y36.9682 I-1.2082 J-1.5626 F360.000
G03 X16.1721 Y36.8493 I0.2225 J0.1399 F360.000
G02 X16.6010 Y36.5183 I-0.4227 J-0.9911 F360.000
G02 X16.9843 Y36.3241 I-3.1155 J-6.6254 F360.000
G03 X17.9475 Y35.6295 I6.0233 J7.3375 F360.000
G02 X18.3751 Y35.3299 I-0.2666 J-0.8355 F360.000
G03 X18.7765 Y35.1670 I0.6008 J0.9041 F360.000
G03 X18.8506 Y35.0453 I59.0315 J35.8389 F360.000
G03 X19.1824 Y34.9699 I0.4854 J1.3687 F360.000
G01 X19.1897 Y34.9615 F360.000
G01 X19.1900 Y34.9474 F360.000
G01 X19.1828 Y34.9373 F360.000
G01 X19.1660 Y34.9198 F360.000
G03 X19.3935 Y34.6440 I0.3702 J0.0737 F360.000
G02 X19.6612 Y34.5508 I-5.5405 J-16.3571 F360.000
G03 X20.1057 Y34.2079 I3.3935 J3.9385 F360.000
G02 X20.5813 Y34.0205 I-0.1782 J-1.1495 F360.000
G03 X21.3030 Y33.5556 I1.8787 J2.1239 F360.000
G02 X21.8237 Y33.2591 I-0.1055 J-0.7907 F360.000
G03 X22.3106 Y33.1074 I0.5129 J0.7892 F360.000
G02 X22.4228 Y32.9814 I-0.0521 J-0.1593 F360.000
G03 X22.8835 Y32.8885 I0.8736 J3.1446 F360.000
G03 X23.5443 Y32.4455 I1.3013 J1.2266 F360.000
G03 X24.3775 Y31.9909 I3.4805 J5.3890 F360.000
G02 X25.0352 Y31.7903 I-0.4546 J-2.6687 F360.000
G03 X26.6212 Y31.1168 I6.4029 J12.8734 F360.000
G02 X26.8958 Y30.9257 I-0.1058 J-0.4452 F360.000
G03 X27.2822 Y30.8428 I0.3255 J0.5747 F360.000
G02 X27.4222 Y30.7676 I-0.0133 J-0.1926 F360.000
G01 X27.4256 Y30.7508 F360.000
G01 X27.4297 Y30.7341 F360.000
G03 X27.8840 Y30.6377 I0.3625 J0.5900 F360.000
G02 X28.3863 Y30.4740 I-0.3109 J-1.8066 F360.000
G02 X30.9995 Y29.7690 I-12.4850 J-51.4708 F360.000
G03 X33.8261 Y29.1395 I46.5687 J202.4362 F360.000
G03 X37.6334 Y28.4887 I10.3207 J48.9165 F360.000
G03 X42.3485 Y27.8646 I15.9673 J102.5120 F360.000
G03 X43.2561 Y27.7822 I0.7953 J3.7194 F360.000
G03 X53.1180 Y27.9411 I1.2224 J230.1680 F360.000
G03 X56.1189 Y28.3518 I-21.8688 J170.9819 F360.000
G03 X61.4151 Y29.6424 I-5.7690 J35.1850 F360.000
G02 X62.2474 Y29.8501 I0.9955 J-2.2184 F360.000
G03 X63.0211 Y30.1672 I-1.3059 J4.2876 F360.000
G03 X63.6905 Y30.3209 I-0.2159 J2.4749 F360.000
G02 X64.4532 Y30.6578 I1.3457 J-2.0154 F360.000
G03 X65.0975 Y31.0304 I-1.5219 J3.3742 F360.000
G03 X65.8950 Y31.4469 I-0.3686 J1.6778 F360.000
G02 X66.4905 Y31.7713 I1.6602 J-2.3384 F360.000
G02 X67.1778 Y32.2252 I6.7066 J-9.4072 F360.000
G03 X67.4014 Y32.8361 I-0.3034 J0.4574 F360.000
G03 X67.1595 Y32.9305 I-0.2403 J-0.2586 F360.000
G02 X67.0044 Y33.0762 I0.0056 J0.1613 F360.000
G03 X66.6978 Y33.1823 I-0.6845 J-1.4824 F360.000
G03 X66.2428 Y33.5153 I-2.5106 J-2.9528 F360.000
G02 X65.7517 Y33.6990 I0.0931 J0.9974 F360.000
G03 X64.8995 Y34.1723 I-2.3388 J-3.2071 F360.000
G02 X64.7685 Y34.3027 I0.0718 J0.2032 F360.000
G03 X64.3679 Y34.3904 I-0.3561 J-0.6673 F360.000
G02 X64.2458 Y34.4617 I0.0164 J0.1684 F360.000
G01 X64.2423 Y34.4784 F360.000
G01 X64.2387 Y34.4951 F360.000
G03 X63.8537 Y34.5935 I-0.3232 J-0.4621 F360.000
G02 X63.7718 Y34.6380 I0.0153 J0.1259 F360.000
G01 X63.7669 Y34.6528 F360.000
G01 X63.7691 Y34.6687 F360.000
G03 X63.7942 Y34.7257 I-0.0922 J0.0747 F360.000
G01 X63.7907 Y34.7399 F360.000
G03 X63.5324 Y34.8091 I-0.3171 J-0.6671 F360.000
G02 X63.4254 Y34.9401 I0.0431 J0.1444 F360.000
G03 X63.0983 Y35.0324 I-0.5502 J-1.3242 F360.000
G03 X63.0024 Y35.1669 I-326.2306 J-232.5057 F360.000
G02 X62.6829 Y35.2523 I0.2960 J1.7478 F360.000
G03 X62.6146 Y35.3678 I-0.2585 J-0.0750 F360.000
G02 X62.2942 Y35.4528 I266.5023 J1005.5238 F360.000
G03 X62.2078 Y35.5811 I-0.2992 J-0.1082 F360.000
G02 X61.8883 Y35.6665 I0.2960 J1.7478 F360.000
G03 X61.8171 Y35.7882 I-0.2910 J-0.0885 F360.000
G02 X61.1281 Y36.1092 I0.3081 J1.5614 F360.000
G03 X60.1097 Y36.7571 I-4.1793 J-5.4451 F360.000
G02 X58.9827 Y37.4494 I25.5796 J42.9046 F360.000
G02 X58.3015 Y37.8735 I0.5660 J1.6682 F360.000
G02 X56.7800 Y38.8660 I37.9371 J59.8190 F360.000
G03 X54.5304 Y40.4652 I-40.8958 J-55.1448 F360.000
G02 X49.6763 Y44.3604 I35.8104 J49.5985 F360.000
G03 X47.6159 Y46.3300 I-307.3237 J-319.4270 F360.000
G02 X46.8924 Y47.0803 I1.9764 J2.6299 F360.000
G03 X46.4723 Y47.3888 I-0.9047 J-0.7917 F360.000
G02 X46.3113 Y47.5995 I0.2947 J0.3919 F360.000
G02 X45.1134 Y48.6570 I154.5850 J176.3150 F360.000
G03 X44.6221 Y49.1900 I-1.2352 J-0.6456 F360.000
G03 X43.3720 Y50.0098 I-3.2514 J-3.5951 F360.000
G02 X43.1730 Y50.2394 I-0.0002 J0.2009 F360.000
G03 X43.0201 Y50.2759 I-0.0988 J-0.0754 F360.000
G02 X42.6496 Y50.5355 I0.4957 J1.1017 F360.000
G03 X42.2317 Y50.6578 I-0.4984 J-0.9276 F360.000
G02 X42.1082 Y50.8957 I0.1351 J0.2212 F360.000
G03 X41.6268 Y51.1916 I-0.6346 J-0.4927 F360.000
G02 X40.8720 Y51.7949 I1.0173 J2.0465 F360.000
G02 X39.2786 Y53.2344 I205.6217 J229.2150 F360.000
G02 X38.4238 Y54.2150 I4.2378 J4.5565 F360.000
G03 X38.2498 Y54.3810 I-0.1706 J-0.0047 F360.000
G02 X37.8065 Y54.9201 I1.5143 J1.6971 F360.000
G02 X36.1751 Y57.2061 I13.4554 J11.3273 F360.000
G01 Z-1.0000 F70.000
G03 X38.0094 Y54.6423 I24.0132 J15.2424 F360.000
G03 X38.3851 Y54.3233 I0.5714 J0.2922 F360.000
G03 X38.6196 Y53.9461 I0.7582 J0.2098 F360.000
G03 X40.5800 Y52.0646 I11.8574 J10.3922 F360.000
G03 X41.3854 Y51.3280 I6.4867 J6.2846 F360.000
G02 X42.0230 Y50.9993 I-10.7374 J-21.6066 F360.000
G02 X42.1580 Y50.7187 I-0.3671 J-0.3494 F360.000
G03 X42.4674 Y50.6151 I0.2773 J0.3148 F360.000
G02 X42.9132 Y50.3208 I-0.3999 J-1.0904 F360.000
G03 X43.1407 Y50.2799 I0.1589 J0.2308 F360.000
G02 X43.2213 Y50.0760 I-4.0720 J-1.7280 F360.000
G03 X43.4139 Y50.0019 I0.1787 J0.1772 F360.000
G02 X45.0287 Y48.7981 I-2.8934 J-5.5659 F360.000
G03 X45.4927 Y48.3051 I1.3165 J0.7741 F360.000
G02 X46.3635 Y47.5207 I-2.5311 J-3.6858 F360.000
G03 X46.7677 Y47.2118 I0.7323 J0.5393 F360.000
G02 X46.9415 Y46.9871 I-0.2202 J-0.3499 F360.000
G03 X48.1599 Y45.8027 I36.6776 J36.5128 F360.000
G03 X52.9852 Y41.6362 I30.2079 J30.1066 F360.000
G03 X56.3545 Y39.1833 I55.2736 J72.3818 F360.000
G03 X58.0984 Y38.0171 I9.4563 J12.2543 F360.000
G03 X58.8453 Y37.4941 I3.6215 J4.3774 F360.000
G02 X59.7663 Y36.9512 I-1.3206 J-3.2925 F360.000
G02 X60.5017 Y36.5347 I-6.2513 J-11.8976 F360.000
G03 X61.6511 Y35.8306 I3.6731 J4.7052 F360.000
G02 X61.8807 Y35.6734 I0.0362 J-0.1934 F360.000
G03 X62.2078 Y35.5811 I0.5503 J1.3237 F360.000
G02 X62.3037 Y35.4465 I-326.1347 J-232.6402 F360.000
G02 X62.6232 Y35.3612 I-0.2960 J-1.7487 F360.000
G03 X62.6915 Y35.2457 I0.2583 J0.0748 F360.000
G02 X63.0119 Y35.1607 I-368.6162 J-1389.9130 F360.000
G03 X63.0983 Y35.0324 I0.2994 J0.1084 F360.000
G02 X63.4178 Y34.9470 I-0.2960 J-1.7487 F360.000
G03 X63.4876 Y34.8315 I0.2437 J0.0685 F360.000
G03 X63.7821 Y34.7528 I1.6110 J5.4323 F360.000
G01 X63.7907 Y34.7399 F360.000
G01 X63.7942 Y34.7257 F360.000
G02 X63.7691 Y34.6687 I-0.1173 J0.0178 F360.000
G01 X63.7669 Y34.6528 F360.000
G01 X63.7718 Y34.6380 F360.000
G03 X64.1468 Y34.5570 I0.4096 J0.9872 F360.000
G02 X64.2387 Y34.4951 I-0.0331 J-0.1484 F360.000
G01 X64.2423 Y34.4784 F360.000
G01 X64.2458 Y34.4617 F360.000
G03 X64.6286 Y34.3652 I0.3118 J0.4295 F360.000
G02 X64.7685 Y34.3027 I-0.0073 J-0.2041 F360.000
G03 X65.1667 Y34.0439 I0.5705 J0.4423 F360.000
G02 X65.9208 Y33.5999 I-2.1780 J-4.5614 F360.000
G02 X66.3245 Y33.4740 I-0.3937 J-1.9716 F360.000
G03 X66.7171 Y33.1724 I2.0411 J2.2514 F360.000
G02 X66.9906 Y33.0898 I-0.2271 J-1.2459 F360.000
G03 X67.0619 Y32.9677 I0.2718 J0.0768 F360.000
G03 X67.3135 Y32.9097 I0.2500 J0.5091 F360.000
G02 X67.3705 Y32.4689 I-0.1841 J-0.2479 F360.000
G02 X66.8872 Y32.0385 I-1.0101 J0.6477 F360.000
G02 X66.3046 Y31.6831 I-1.6982 J2.1289 F360.000
G03 X65.5128 Y31.1895 I2.1575 J-4.3431 F360.000
G02 X65.0280 Y30.9953 I-1.5640 J3.2022 F360.000
G02 X64.0343 Y30.5052 I-1.6620 J2.1175 F360.000
G02 X63.5475 Y30.2631 I-224.4391 J450.5621 F360.000
G03 X62.9179 Y30.1296 I0.4411 J-3.6317 F360.000
G02 X61.8232 Y29.7858 I-1.2344 J2.0159 F360.000
G03 X61.1749 Y29.5572 I1.1142 J-4.1938 F360.000
G02 X53.4685 Y27.9883 I-12.0296 J39.3782 F360.000
G02 X52.2555 Y27.8959 I-1.2228 J8.0364 F360.000
G02 X42.7089 Y27.7968 I-7.3928 J252.3979 F360.000
G03 X40.2648 Y28.1183 I-4.5290 J-24.9789 F360.000
G02 X34.0960 Y29.0695 I17.6526 J134.9650 F360.000
G03 X32.0489 Y29.5156 I-7.9146 J-31.3944 F360.000
G02 X29.3497 Y30.2308 I14.7134 J60.9889 F360.000
G02 X28.1216 Y30.5823 I0.9699 J5.7095 F360.000
G03 X27.5151 Y30.6777 I-0.8709 J-3.5604 F360.000
G02 X27.4297 Y30.7341 I0.0318 J0.1411 F360.000
G01 X27.4256 Y30.7508 F360.000
G01 X27.4222 Y30.7676 F360.000
G03 X27.0392 Y30.8631 I-0.3092 J-0.4243 F360.000
G02 X26.8958 Y30.9257 I-0.0003 J0.1947 F360.000
G03 X26.3940 Y31.2063 I-0.6904 J-0.6457 F360.000
G02 X25.0028 Y31.8108 I2.4490 J7.5393 F360.000
G02 X24.1642 Y32.0788 I3.9075 J13.6710 F360.000
G03 X22.9988 Y32.7679 I-34.9175 J-57.7250 F360.000
G03 X22.8592 Y32.8981 I-0.3352 J-0.2193 F360.000
G02 X22.4228 Y32.9814 I0.0388 J1.3891 F360.000
G03 X22.1169 Y33.1351 I-0.2440 J-0.1042 F360.000
G02 X21.6031 Y33.4483 I0.2332 J0.9604 F360.000
G03 X21.2323 Y33.5814 I-0.4989 J-0.8074 F360.000
G02 X20.5186 Y34.0591 I2.8257 J4.9933 F360.000
G03 X20.0653 Y34.2286 I-1.4848 J-3.2784 F360.000
G03 X19.6464 Y34.5588 I-5.0611 J-5.9915 F360.000
G02 X19.1608 Y34.9047 I0.0580 J0.5951 F360.000
G01 X19.1660 Y34.9198 F360.000
G01 X19.1828 Y34.9373 F360.000
G01 X19.1900 Y34.9474 F360.000
G01 X19.1897 Y34.9615 F360.000
G03 X18.8822 Y35.0266 I-1.1593 J-4.7180 F360.000
G02 X18.7846 Y35.1608 I0.1090 J0.1819 F360.000
G02 X18.4330 Y35.2882 I0.6734 J2.4057 F360.000
G03 X18.0198 Y35.6114 I-1.2855 J-1.2180 F360.000
G02 X17.2515 Y36.1308 I1.0691 J2.4091 F360.000
G03 X16.7041 Y36.4564 I-0.8869 J-0.8683 F360.000
G02 X16.3476 Y36.7617 I0.7861 J1.2787 F360.000
G03 X15.9618 Y36.8917 I-0.5191 J-0.9030 F360.000
G02 X15.8540 Y37.0432 I0.2570 J0.2971 F360.000
G03 X14.2523 Y38.4320 I-11.3225 J-11.4400 F360.000
G02 X12.6368 Y39.8714 I8.4670 J11.1288 F360.000
G03 X11.8969 Y40.5621 I-3.2157 J-2.7030 F360.000
G02 X9.5632 Y43.4013 I20.2800 J19.0489 F360.000
G03 X9.4253 Y43.5897 I-0.1755 J0.0162 F360.000
G02 X9.2666 Y43.7415 I-0.0150 J0.1432 F360.000
G02 X8.2497 Y45.5702 I760.1466 J423.9045 F360.000
G03 X8.1711 Y45.7475 I-0.2456 J-0.0028 F360.000
G02 X7.9516 Y45.9798 I0.0806 J0.2960 F360.000
G03 X7.5770 Y46.8215 I-5.2464 J-1.8310 F360.000
G02 X7.4212 Y47.2434 I0.2900 J0.3468 F360.000
G03 X7.2259 Y47.5369 I-0.3992 J-0.0539 F360.000
G02 X7.1242 Y47.8800 I2.0165 J0.7846 F360.000
G02 X6.9371 Y47.9998 I4.3021 J6.9200 F360.000
G03 X6.8617 Y48.3032 I-9.2147 J-2.1303 F360.000
G03 X6.7346 Y48.3993 I-0.5966 J-0.6562 F360.000
G02 X6.6166 Y48.8400 I1.6996 J0.6913 F360.000
G03 X6.2066 Y49.5742 I-3.6685 J-1.5672 F360.000
G02 X6.0090 Y50.1634 I5.0870 J2.0332 F360.000
G03 X5.9255 Y50.2237 I-0.0985 J-0.0483 F360.000
G02 X5.8320 Y50.8978 I1.4431 J0.5439 F360.000
G03 X5.7063 Y51.2524 I-0.4060 J0.0556 F360.000
G02 X5.5734 Y51.5884 I0.1770 J0.2643 F360.000
G03 X5.4306 Y51.8750 I-0.2458 J0.0564 F360.000
G02 X5.3074 Y52.3547 I0.4611 J0.3741 F360.000
G03 X5.1888 Y52.7019 I-0.3766 J0.0652 F360.000
G02 X5.0120 Y53.2011 I0.5756 J0.4848 F360.000
G03 X4.6813 Y54.5184 I-6.0171 J-0.8105 F360.000
G03 X4.4536 Y55.7865 I-47.7861 J-7.9251 F360.000
G03 X4.3070 Y55.9905 I-1.1440 J-0.6675 F360.000
G02 X4.2205 Y56.7761 I6.0688 J1.0657 F360.000
G03 X4.1049 Y56.8914 I-0.0894 J0.0260 F360.000
G02 X3.9975 Y57.1821 I0.1863 J0.2340 F360.000
G03 X3.9138 Y58.1155 I-3.6434 J0.1437 F360.000
G03 X3.8522 Y58.1897 I-0.0796 J-0.0035 F360.000
G01 X3.8397 Y58.1974 F360.000
G02 X3.7323 Y59.6407 I6.4716 J1.2074 F360.000
G02 X3.8058 Y63.8655 I38.2362 J1.4480 F360.000
G02 X3.8397 Y63.9803 I0.2520 J-0.0121 F360.000
G01 X3.8522 Y63.9881 F360.000
G03 X3.9808 Y64.3818 I-0.3474 J0.3313 F360.000
G02 X4.0957 Y65.0167 I1.0000 J0.1469 F360.000
G03 X4.2296 Y65.2690 I-0.1049 J0.2174 F360.000
G02 X4.3123 Y65.9811 I2.8839 J0.0257 F360.000
G02 X4.4427 Y66.1060 I0.4055 J-0.2925 F360.000
G03 X4.5380 Y66.7254 I-2.0749 J0.6362 F360.000
G02 X4.6582 Y66.8310 I0.0863 J0.0230 F360.000
G03 X4.7788 Y67.0611 I-0.0528 J0.1743 F360.000
G02 X4.9117 Y67.4050 I0.3010 J0.0813 F360.000
G03 X5.0459 Y67.7596 I-0.1986 J0.2778 F360.000
G02 X5.2373 Y68.1415 I0.4491 J0.0138 F360.000
G03 X5.3347 Y68.6261 I-1.5647 J0.5664 F360.000
G02 X5.5022 Y68.7742 I0.1841 J-0.0393 F360.000
G03 X5.5995 Y69.0802 I-0.5238 J0.3352 F360.000
G02 X5.7759 Y69.1954 I0.2173 J-0.1401 F360.000
G03 X5.8701 Y69.4913 I-0.5376 J0.3340 F360.000
G02 X6.5736 Y70.7267 I11.6691 J-5.8275 F360.000
G02 X7.0253 Y71.3435 I1.1489 J-0.3675 F360.000
G03 X7.4584 Y71.8820 I-0.7187 J1.0214 F360.000
G03 X7.9330 Y72.4855 I-5.0991 J4.4992 F360.000
G02 X8.2442 Y72.9020 I0.7115 J-0.2071 F360.000
G03 X8.9901 Y73.6305 I-2.1003 J2.8963 F360.000
G02 X9.2009 Y73.9205 I0.4977 J-0.1403 F360.000
G02 X12.1296 Y76.1414 I16.7216 J-19.0092 F360.000
G02 X12.3985 Y76.2289 I1.7764 J-5.0034 F360.000
G03 X12.4605 Y76.3003 I-0.0273 J0.0863 F360.000
G02 X13.6557 Y77.0084 I3.5951 J-4.7053 F360.000
G02 X14.4532 Y77.3458 I1.4960 J-2.4255 F360.000
G03 X14.8151 Y77.6220 I-0.2813 J0.7437 F360.000
G02 X15.4656 Y77.7748 I0.5770 J-0.9954 F360.000
G03 X15.6341 Y77.8460 I-0.0079 J0.2537 F360.000
G02 X15.8715 Y77.9769 I0.1983 J-0.0789 F360.000
G03 X16.2896 Y78.2684 I-0.5934 J1.2968 F360.000
G02 X16.8468 Y78.4037 I0.5413 J-1.0141 F360.000
G03 X17.8282 Y78.7222 I-3.1698 J11.4403 F360.000
G02 X18.5900 Y78.8309 I4.9264 J-31.7854 F360.000
G03 X18.6873 Y78.9067 I-0.0105 J0.1139 F360.000
G02 X19.5022 Y79.0033 I0.6274 J-1.8074 F360.000
G03 X20.3796 Y79.1549 I0.0546 J2.2983 F360.000
G02 X24.1933 Y79.1341 I1.7842 J-22.4735 F360.000
G03 X25.6308 Y78.9822 I1.4114 J6.4797 F360.000
G02 X25.8287 Y78.9338 I-0.0090 J-0.4661 F360.000
G01 X25.8364 Y78.9208 F360.000
G01 X25.8405 Y78.9074 F360.000
G03 X26.3205 Y78.7951 I0.4665 J0.9123 F360.000
G02 X27.7809 Y78.4039 I-338.1347 J-1265.1412 F360.000
G02 X28.8682 Y78.1405 I-0.1137 J-2.8446 F360.000
G02 X31.7140 Y77.0857 I-6.3592 J-21.5233 F360.000
G01 X31.7590 Y77.0561 F360.000
G01 X31.7866 Y77.0317 F360.000
G03 X32.0344 Y76.9242 I0.2069 J0.1377 F360.000
G02 X33.4128 Y75.9568 I-3.3776 J-6.2782 F360.000
G02 X34.5352 Y74.8825 I-3.7881 J-5.0811 F360.000
G02 X34.5261 Y73.8022 I-0.7545 J-0.5338 F360.000
G03 X33.3944 Y70.4305 I9.3813 J-5.0247 F360.000
G03 X33.0803 Y68.2820 I12.0298 J-2.8558 F360.000
G03 X33.9267 Y61.7951 I32.1444 J0.8956 F360.000
G03 X34.3772 Y60.6603 I108.4195 J42.3798 F360.000
G03 X35.6478 Y58.0717 I10.5142 J3.5548 F360.000
G03 X36.1751 Y57.2061 I163.5615 J99.0460 F360.000
G00 Z5.0000 F480


(No. 2: ?????????? 2)
G00 X35.6955 Y61.7157 Z5.0000 F2100
G00 Z0.5000 F480
G01 Z0.0000 F70.000
G01 Z-0.5000 F70.000
G03 X37.1677 Y58.2281 I18.8264 J5.8926 F360.000
G02 X38.1744 Y56.7700 I-24.9014 J-18.2694 F360.000
G03 X38.3945 Y56.5915 I0.4559 J0.3372 F360.000
G03 X38.7641 Y56.0279 I1.0551 J0.2889 F360.000
G02 X38.9783 Y55.5609 I-0.7135 J-0.6099 F360.000
G03 X39.1732 Y55.4519 I0.6133 J0.8672 F360.000
G03 X39.2485 Y55.2244 I5.7516 J1.7779 F360.000
G02 X39.7761 Y54.7244 I-0.5767 J-1.1369 F360.000
G02 X40.8224 Y53.6249 I-25.1061 J-24.9415 F360.000
G03 X41.0422 Y53.4945 I0.4664 J0.5354 F360.000
G03 X41.3654 Y53.0486 I0.7880 J0.2312 F360.000
G03 X42.6145 Y52.0889 I3.9069 J3.7926 F360.000
G02 X43.3407 Y51.6494 I-0.5640 J-1.7512 F360.000
G03 X43.8121 Y51.4231 I0.7261 J0.9085 F360.000
G03 X43.8818 Y51.2885 I0.8279 J0.3431 F360.000
G02 X44.5577 Y50.9050 I-0.3770 J-1.4522 F360.000
G03 X45.3715 Y50.4416 I1.2017 J1.1640 F360.000
G02 X45.9956 Y50.3835 I0.0645 J-2.6869 F360.000
G02 X46.0406 Y50.3467 I-0.0185 J-0.0685 F360.000
G01 X46.0382 Y50.3295 F360.000
G01 X46.0325 Y50.3204 F360.000
G01 X46.0273 Y50.3108 F360.000
G01 X46.0323 Y50.2929 F360.000
G03 X47.0981 Y50.2220 I0.7383 J3.0494 F360.000
G03 X47.6851 Y50.3117 I0.1030 J1.2913 F360.000
G01 X47.6901 Y50.3289 F360.000
G02 X48.4571 Y50.4253 I0.5908 J-1.6003 F360.000
G03 X49.0100 Y50.5191 I0.1065 J1.0498 F360.000
G02 X49.2735 Y50.6364 I0.2119 J-0.1215 F360.000
G03 X49.4294 Y50.7748 I-0.0069 J0.1648 F360.000
G02 X49.7711 Y50.8557 I0.3064 J-0.5327 F360.000
G03 X51.1896 Y52.1649 I-1.1373 J2.6553 F360.000
G03 X51.3520 Y53.5444 I-3.8627 J1.1543 F360.000
G02 X51.4128 Y54.2077 I2.5572 J0.1001 F360.000
G02 X51.9682 Y54.3865 I0.3959 J-0.2778 F360.000
G02 X53.2789 Y53.6404 I-0.6801 J-2.7192 F360.000
G03 X54.9188 Y52.7067 I3.8580 J4.8687 F360.000
G02 X55.1105 Y52.6061 I0.0381 J-0.1603 F360.000
G03 X55.9487 Y52.3015 I0.9970 J1.4380 F360.000
G02 X56.3828 Y52.2386 I0.0685 J-1.0564 F360.000
G03 X56.4862 Y52.1168 I0.5181 J0.3352 F360.000
G02 X56.9468 Y52.0321 I-1.3267 J-8.5093 F360.000
G03 X57.8498 Y51.8005 I0.9608 J1.8692 F360.000
G03 X60.9661 Y51.6821 I2.1839 J16.4149 F360.000
G01 X61.0904 Y51.7049 F360.000
G01 X61.1689 Y51.7341 F360.000
G01 X61.1963 Y51.7700 F360.000
G02 X61.4186 Y51.8735 I0.1886 J-0.1145 F360.000
G03 X63.0753 Y52.5820 I-0.0273 J2.3549 F360.000
G03 X63.1932 Y52.9548 I-0.7342 J0.4373 F360.000
G02 X63.3759 Y53.1392 I0.1946 J-0.0100 F360.000
G03 X63.4733 Y53.4452 I-0.5236 J0.3351 F360.000
G02 X63.5923 Y53.5347 I0.1285 J-0.0470 F360.000
G03 X63.7067 Y54.5826 I-2.9690 J0.8544 F360.000
G02 X63.7518 Y56.5374 I18.9226 J0.5414 F360.000
G02 X64.1203 Y56.8030 I0.3056 J-0.0356 F360.000
G02 X65.6485 Y56.5140 I-0.6325 J-7.5290 F360.000
G03 X70.3630 Y56.3246 I2.8769 J12.8389 F360.000
G03 X71.3607 Y56.6677 I-0.2792 J2.4336 F360.000
G03 X71.4336 Y58.0312 I-0.6901 J0.7206 F360.000
G02 X70.3659 Y60.0555 I20.2840 J11.9926 F360.000
G02 X70.0400 Y60.7474 I2.2751 J1.4942 F360.000
G02 X69.6910 Y61.1146 I0.2109 J0.5499 F360.000
G03 X67.8524 Y64.1419 I-24.1599 J-12.6014 F360.000
G01 X67.8144 Y64.1814 F360.000
G01 X67.7907 Y64.1950 F360.000
G02 X67.6778 Y64.4826 I0.1766 J0.2354 F360.000
G03 X67.5239 Y64.6411 I-0.1746 J-0.0156 F360.000
G02 X67.1262 Y65.3480 I1.0245 J1.0417 F360.000
G03 X66.7189 Y65.6826 I-3.2121 J-3.4954 F360.000
G02 X66.5872 Y66.0047 I0.9356 J0.5703 F360.000
G03 X66.3869 Y66.1042 I-0.5053 J-0.7655 F360.000
G03 X65.9431 Y66.7573 I-1.7270 J-0.6964 F360.000
G03 X65.3751 Y67.3039 I-1.7483 J-1.2482 F360.000
G02 X65.2809 Y67.5741 I0.3811 J0.2844 F360.000
G03 X64.8808 Y67.9327 I-0.9547 J-0.6629 F360.000
G02 X64.7257 Y68.2012 I0.8632 J0.6775 F360.000
G02 X64.5392 Y68.2876 I0.1021 J0.4650 F360.000
G03 X64.4528 Y68.5138 I-0.5437 J-0.0780 F360.000
G02 X64.2680 Y68.6118 I0.0449 J0.3080 F360.000
G03 X63.9702 Y69.0651 I-0.6247 J-0.0858 F360.000
G02 X63.4477 Y69.5690 I0.8218 J1.3751 F360.000
G03 X63.2457 Y69.7062 I-0.2070 J-0.0876 F360.000
G02 X63.1439 Y69.9478 I0.6493 J0.4156 F360.000
G02 X62.9500 Y70.0398 I0.6987 J1.7234 F360.000
G03 X62.5896 Y70.4466 I-0.5374 J-0.1130 F360.000
G02 X62.3484 Y70.7465 I0.2300 J0.4320 F360.000
G02 X61.8794 Y71.1150 I13.3962 J17.5330 F360.000
G03 X61.4444 Y71.5821 I-0.9970 J-0.4925 F360.000
G02 X60.7990 Y72.2166 I1.7502 J2.4258 F360.000
G03 X59.1129 Y73.5873 I-9.5092 J-9.9746 F360.000
G03 X55.8826 Y75.8699 I-26.0025 J-33.3711 F360.000
G02 X54.7840 Y76.4183 I1.3687 J4.1168 F360.000
G03 X53.6645 Y76.9256 I-1.9557 J-2.8268 F360.000
G02 X53.3833 Y77.0148 I-0.0708 J0.2649 F360.000
G03 X53.1724 Y77.1614 I-0.2120 J-0.0800 F360.000
G03 X48.8136 Y77.8809 I-5.0754 J-17.1852 F360.000
G03 X43.3367 Y77.3012 I0.4555 J-30.4632 F360.000
G02 X42.9988 Y77.1334 I-2.4647 J4.5403 F360.000
G03 X41.1494 Y76.5096 I2.7144 J-11.1002 F360.000
G03 X40.3162 Y76.2280 I2.7143 J-9.4038 F360.000
G02 X38.9775 Y75.3917 I-7.4668 J10.4634 F360.000
G03 X38.6823 Y75.0808 I0.2448 J-0.5280 F360.000
G02 X38.4803 Y74.9401 I-0.2064 J0.0811 F360.000
G03 X38.3870 Y74.6985 I0.4595 J-0.3163 F360.000
G03 X38.2075 Y74.5935 I0.5577 J-1.1588 F360.000
G02 X37.5778 Y73.9060 I-11.0101 J9.4514 F360.000
G03 X35.9445 Y71.7831 I5.7206 J-6.0913 F360.000
G03 X35.0341 Y69.1512 I7.3148 J-4.0037 F360.000
G03 X34.9725 Y67.8436 I5.9553 J-0.9360 F360.000
G03 X35.0868 Y64.0548 I36.6949 J-0.7891 F360.000
G02 X35.5452 Y62.2127 I-33.6256 J-9.3452 F360.000
G01 X35.6156 Y61.9713 F360.000
G01 X35.6955 Y61.7157 F360.000
G01 Z-1.0000 F70.000
G02 X35.2154 Y63.5868 I43.9700 J12.2799 F360.000
G02 X35.0250 Y64.7810 I3.2563 J1.1315 F360.000
G02 X34.9993 Y68.9276 I55.0155 J2.4134 F360.000
G02 X35.7268 Y71.3378 I7.9425 J-1.0822 F360.000
G02 X37.0092 Y73.3167 I6.4582 J-2.7801 F360.000
G02 X37.7431 Y74.0666 I17.4962 J-16.3903 F360.000
G02 X38.2820 Y74.6439 I2.3653 J-1.6676 F360.000
G03 X38.4279 Y74.8685 I-0.0451 J0.1891 F360.000
G02 X38.6280 Y74.9862 I0.1975 J-0.1068 F360.000
G03 X38.7574 Y75.2138 I-14.5604 J8.4309 F360.000
G02 X39.7490 Y75.8455 I4.4384 J-5.8732 F360.000
G02 X40.4828 Y76.3027 I2.2999 J-2.8733 F360.000
G03 X42.1331 Y76.8796 I-3.6944 J13.2191 F360.000
G03 X43.1091 Y77.1779 I-18.3012 J61.6084 F360.000
G02 X43.8453 Y77.4063 I0.7472 J-1.1083 F360.000
G02 X49.2602 Y77.8696 I5.3315 J-30.4323 F360.000
G02 X53.3102 Y77.1071 I-1.2088 J-17.5567 F360.000
G02 X53.4214 Y76.9683 I-0.2270 J-0.2960 F360.000
G03 X53.7545 Y76.9095 I0.3032 J0.7441 F360.000
G02 X55.2229 Y76.1612 I-2.3856 J-6.4965 F360.000
G03 X55.8826 Y75.8699 I1.3587 J2.1841 F360.000
G02 X59.7672 Y73.0886 I-30.7234 J-47.0145 F360.000
G02 X60.7646 Y72.2670 I-6.1109 J-8.4339 F360.000
G01 X60.7990 Y72.2166 F360.000
G03 X61.7362 Y71.3278 I5.2524 J4.6000 F360.000
G02 X61.9512 Y71.0429 I-32.6330 J-24.8572 F360.000
G02 X62.3747 Y70.7087 I-0.6753 J-1.2908 F360.000
G03 X62.7366 Y70.3538 I0.5730 J0.2224 F360.000
G02 X62.9500 Y70.0398 I-0.2435 J-0.3950 F360.000
G02 X63.1439 Y69.9478 I-2.0518 J-4.5759 F360.000
G03 X63.2292 Y69.7203 I1.1647 J0.3070 F360.000
G02 X63.4329 Y69.6212 I-0.2311 J-0.7338 F360.000
G03 X63.8450 Y69.1651 I0.8406 J0.3453 F360.000
G02 X64.2427 Y68.6958 I-0.4272 J-0.7653 F360.000
G03 X64.4355 Y68.5264 I0.1799 J0.0103 F360.000
G02 X64.5328 Y68.2969 I-0.2923 J-0.2594 F360.000
G03 X64.7401 Y68.1868 I0.6223 J0.9212 F360.000
G03 X65.1004 Y67.7782 I0.5425 J0.1151 F360.000
G02 X65.3276 Y67.3717 I-0.2694 J-0.4174 F360.000
G03 X65.4731 Y67.2443 I0.2133 J0.0968 F360.000
G02 X66.3613 Y66.1696 I-2.8553 J-3.2641 F360.000
G03 X66.5544 Y66.0382 I0.2001 J0.0865 F360.000
G02 X66.6470 Y65.7913 I-0.2834 J-0.2471 F360.000
G03 X67.0472 Y65.4314 I0.8851 J0.5819 F360.000
G02 X67.1756 Y65.1833 I-0.1709 J-0.2458 F360.000
G03 X67.5863 Y64.6100 I1.0706 J0.3332 F360.000
G02 X67.6939 Y64.3217 I-0.1964 J-0.2375 F360.000
G03 X67.7907 Y64.1950 I0.1445 J0.0101 F360.000
G02 X68.7726 Y62.7284 I-6.9515 J-5.7157 F360.000
G02 X69.7681 Y60.9840 I-73.7612 J-43.2505 F360.000
G03 X70.0400 Y60.7474 I0.3834 J0.1661 F360.000
G03 X70.5106 Y59.7821 I4.5744 J1.6327 F360.000
G03 X71.6023 Y57.7413 I11.7902 J4.9944 F360.000
G02 X71.3607 Y56.6677 I-0.8927 J-0.3630 F360.000
G02 X70.0897 Y56.2815 I-1.6167 J3.0362 F360.000
G02 X64.8245 Y56.7087 I-1.5064 J14.0941 F360.000
G03 X63.9356 Y56.7778 I-0.6106 J-2.1021 F360.000
G03 X63.7413 Y56.4685 I0.0882 J-0.2711 F360.000
G02 X63.6897 Y54.1371 I-862.9688 J17.9422 F360.000
G02 X63.5923 Y53.5347 I-1.3101 J-0.0971 F360.000
G03 X63.4409 Y53.2578 I0.0716 J-0.2189 F360.000
G02 X63.2638 Y53.0952 I-0.1871 J0.0260 F360.000
G03 X63.1756 Y52.7859 I0.3226 J-0.2592 F360.000
G02 X62.5975 Y52.1983 I-1.0413 J0.4463 F360.000
G02 X61.3017 Y51.8579 I-1.4388 J2.8412 F360.000
G03 X61.1963 Y51.7700 I0.0138 J-0.1237 F360.000
G01 X61.1689 Y51.7341 F360.000
G02 X60.1178 Y51.6486 I-0.8582 J4.0466 F360.000
G02 X57.2445 Y51.9091 I-0.0542 J15.3775 F360.000
G03 X56.9292 Y52.0382 I-4.2392 J-9.9085 F360.000
G02 X56.4748 Y52.1231 I0.5181 J4.0306 F360.000
G03 X56.3696 Y52.2452 I-0.3042 J-0.1556 F360.000
G03 X55.9487 Y52.3015 I-0.3713 J-1.1742 F360.000
G02 X55.1105 Y52.6061 I0.1588 J1.7426 F360.000
G03 X54.9188 Y52.7067 I-0.1570 J-0.0664 F360.000
G02 X52.9991 Y53.8732 I2.4132 J6.1341 F360.000
G03 X51.6977 Y54.3932 I-1.3168 J-1.4071 F360.000
G03 X51.3651 Y53.8987 I0.0768 J-0.4107 F360.000
G02 X51.2817 Y52.4796 I-14.4631 J0.1384 F360.000
G02 X50.6168 Y51.4128 I-1.7625 J0.3577 F360.000
G02 X49.6612 Y50.8382 I-1.4305 J1.2972 F360.000
G03 X49.3797 Y50.6802 I-0.0588 J-0.2250 F360.000
G02 X49.0507 Y50.5886 I-2.0737 J6.8126 F360.000
G03 X49.0100 Y50.5191 I0.0437 J-0.0722 F360.000
G02 X48.2430 Y50.4226 I-0.5909 J1.6010 F360.000
G03 X47.6901 Y50.3289 I-0.1066 J-1.0492 F360.000
G01 X47.6851 Y50.3117 F360.000
G02 X46.6633 Y50.2180 I-0.7604 J2.6736 F360.000
G02 X46.0323 Y50.2929 I-0.1499 J1.4317 F360.000
G01 X46.0273 Y50.3108 F360.000
G01 X46.0325 Y50.3204 F360.000
G01 X46.0382 Y50.3295 F360.000
G01 X46.0406 Y50.3467 F360.000
G03 X45.5215 Y50.4265 I-0.3865 J-0.7867 F360.000
G02 X44.5998 Y50.8719 I0.1266 J1.4381 F360.000
G03 X43.9670 Y51.2536 I-1.1116 J-1.1275 F360.000
G02 X43.8254 Y51.4102 I0.0150 J0.1559 F360.000
G02 X43.4900 Y51.5506 I2.2796 J5.9187 F360.000
G03 X42.7479 Y52.0561 I-3.3915 J-4.1811 F360.000
G02 X42.2100 Y52.3338 I0.1756 J0.9998 F360.000
G02 X41.0760 Y53.3910 I2.8910 J4.2378 F360.000
G03 X40.9186 Y53.5510 I-0.1626 J-0.0025 F360.000
G02 X40.0929 Y54.3967 I8.9024 J9.5176 F360.000
G02 X39.4395 Y55.1128 I7.1301 J7.1627 F360.000
G03 X39.2426 Y55.2325 I-1.1867 J-1.7291 F360.000
G03 X39.1657 Y55.4600 I-0.7252 J-0.1185 F360.000
G02 X38.9783 Y55.5609 I0.1199 J0.4471 F360.000
G03 X38.7641 Y56.0279 I-0.9012 J-0.1307 F360.000
G02 X38.4114 Y56.5574 I0.6114 J0.7894 F360.000
G03 X38.2359 Y56.6995 I-0.5472 J-0.4964 F360.000
G02 X37.4452 Y57.8490 I24.3876 J17.6211 F360.000
G02 X36.7637 Y59.0012 I3.1509 J2.6415 F360.000
G02 X35.6955 Y61.7157 I22.5355 J10.4354 F360.000
G00 Z5.0000 F480


(No. 3: ?????????? 3)
G00 X37.4887 Y77.6049 Z5.0000 F2100
G00 Z0.5000 F480
G01 Z0.0000 F70.000
G01 Z-0.5000 F70.000
G03 X39.5431 Y77.7520 I-0.2195 J17.4797 F360.000
G02 X41.1462 Y77.9992 I3.5095 J-17.4385 F360.000
G03 X41.3289 Y78.0720 I-0.0231 J0.3234 F360.000
G01 X41.3328 Y78.0875 F360.000
G02 X42.0664 Y78.1815 I0.5800 J-1.6166 F360.000
G03 X42.3835 Y78.2601 I0.0220 J0.5900 F360.000
G01 X42.3905 Y78.2769 F360.000
G01 X42.3940 Y78.2936 F360.000
G02 X42.7768 Y78.3892 I0.3093 J-0.4245 F360.000
G03 X42.9263 Y78.4715 I0.0078 J0.1628 F360.000
G02 X44.1866 Y78.8457 I1.9403 J-4.2256 F360.000
G03 X44.2455 Y78.9224 I-0.0290 J0.0832 F360.000
G02 X44.6309 Y79.0133 I0.3209 J-0.4985 F360.000
G03 X44.7708 Y79.0885 I-0.0133 J0.1926 F360.000
G01 X44.7743 Y79.1052 F360.000
G01 X44.7792 Y79.1220 F360.000
G02 X45.2728 Y79.2186 I0.4045 J-0.7569 F360.000
G03 X45.8153 Y79.5108 I-0.1371 J0.9043 F360.000
G02 X46.2810 Y79.6479 I0.5127 J-0.8819 F360.000
G03 X46.3897 Y79.7809 I-0.0452 J0.1478 F360.000
G02 X46.7434 Y79.8909 I0.8665 J-2.1644 F360.000
G02 X47.3582 Y80.2210 I2.0803 J-3.1367 F360.000
G03 X47.6386 Y80.2985 I0.0062 J0.5233 F360.000
G02 X47.7925 Y80.5752 I1.7595 J-0.7976 F360.000
G02 X48.5217 Y81.2438 I4.3979 J-4.0647 F360.000
G03 X49.4616 Y83.0257 I-1.6559 J2.0122 F360.000
G03 X49.1259 Y84.6538 I-3.1083 J0.2078 F360.000
G02 X49.0045 Y84.9880 I0.2735 J0.2885 F360.000
G03 X48.3669 Y85.8590 I-2.0471 J-0.8297 F360.000
G03 X45.6575 Y87.9050 I-12.8022 J-14.1364 F360.000
G02 X44.7972 Y88.3284 I3.1037 J7.3929 F360.000
G03 X42.6809 Y89.0170 I-4.6312 J-10.6359 F360.000
G03 X37.6601 Y89.8391 I-7.5402 J-30.3071 F360.000
G03 X32.6887 Y89.7515 I-2.1816 J-17.3035 F360.000
G03 X30.0675 Y89.2139 I1.7047 J-14.9683 F360.000
G03 X29.6911 Y89.0010 I0.5393 J-1.3931 F360.000
G02 X29.1896 Y88.8827 I-1.6313 J5.7949 F360.000
G02 X27.9717 Y88.3894 I-2.3733 J4.1087 F360.000
G03 X26.7790 Y88.0046 I2.2929 J-9.1486 F360.000
G03 X25.2941 Y86.8080 I2.6709 J-4.8339 F360.000
G03 X24.5386 Y85.9086 I1.7994 J-2.2786 F360.000
G02 X24.4798 Y85.6833 I-0.5246 J0.0166 F360.000
G02 X24.3013 Y85.5795 I-1.4776 J2.3357 F360.000
G03 X24.1925 Y85.1456 I7.5071 J-2.1116 F360.000
G03 X24.0364 Y84.8532 I0.2981 J-0.3471 F360.000
G03 X24.0827 Y83.2359 I4.1160 J-0.6914 F360.000
G02 X24.2464 Y82.6326 I-0.6583 J-0.5025 F360.000
G03 X24.4539 Y81.8847 I0.9216 J-0.1472 F360.000
G02 X25.5278 Y80.8728 I-9.6638 J-11.3321 F360.000
G03 X25.6353 Y80.7014 I0.2795 J0.0559 F360.000
G02 X26.2073 Y80.3746 I-2.0601 J-4.2697 F360.000
G03 X26.4438 Y80.2283 I0.2118 J0.0780 F360.000
G02 X27.1288 Y79.7702 I-2.2074 J-4.0422 F360.000
G03 X27.6955 Y79.5918 I0.6371 J1.0341 F360.000
G02 X28.3372 Y79.2696 I-2.7849 J-6.3472 F360.000
G03 X28.8172 Y79.1816 I1.0064 J4.1356 F360.000
G02 X28.8880 Y79.1160 I-0.0116 J-0.0835 F360.000
G03 X29.8913 Y78.7717 I1.1932 J1.8432 F360.000
G02 X29.9475 Y78.7018 I-0.0217 J-0.0749 F360.000
G03 X30.9408 Y78.3553 I1.2230 J1.9091 F360.000
G02 X31.0063 Y78.2600 I-0.0436 J-0.1002 F360.000
G03 X31.5526 Y78.1659 I0.4322 J0.8758 F360.000
G02 X31.7944 Y78.0878 I0.0217 J-0.3459 F360.000
G01 X31.7976 Y78.0724 F360.000
G03 X32.4942 Y77.9187 I0.6657 J1.3624 F360.000
G02 X34.3307 Y77.5985 I-0.4821 J-8.1918 F360.000
G03 X37.4887 Y77.6049 I1.5146 J32.2328 F360.000
G01 Z-1.0000 F70.000
G02 X34.3307 Y77.5985 I-1.6361 J28.5217 F360.000
G03 X32.4942 Y77.9187 I-2.3185 J-7.8716 F360.000
G02 X31.7976 Y78.0724 I-0.0544 J1.4094 F360.000
G01 X31.7944 Y78.0878 F360.000
G03 X31.2441 Y78.1814 I-0.4365 J-0.9013 F360.000
G02 X31.0063 Y78.2600 I-0.0112 J0.3650 F360.000
G03 X30.7894 Y78.3821 I-0.1746 J-0.0565 F360.000
G02 X29.9475 Y78.7018 I0.2143 J1.8329 F360.000
G03 X29.6854 Y78.8015 I-0.2026 J-0.1384 F360.000
G02 X28.8880 Y79.1160 I0.2636 J1.8360 F360.000
G03 X28.6338 Y79.2085 I-0.2086 J-0.1778 F360.000
G02 X27.8983 Y79.5108 I0.1590 J1.4328 F360.000
G03 X27.3922 Y79.6474 I-0.6161 J-1.2762 F360.000
G02 X26.6486 Y80.1167 I1.1083 J2.5800 F360.000
G03 X26.2497 Y80.2908 I-1.1112 J-2.0015 F360.000
G03 X25.8488 Y80.5784 I-0.5219 J-0.3044 F360.000
G02 X25.5278 Y80.8728 I0.0900 J0.4203 F360.000
G03 X24.4539 Y81.8847 I-10.7378 J-10.3202 F360.000
G02 X24.2451 Y82.6767 I0.7942 J0.6328 F360.000
G03 X24.1144 Y83.1952 I-0.7523 J0.0861 F360.000
G02 X23.9859 Y83.9173 I1.4106 J0.6236 F360.000
G02 X24.1036 Y85.0508 I2.6050 J0.3023 F360.000
G03 X24.2573 Y85.4738 I-0.3404 J0.3631 F360.000
G02 X24.4489 Y85.6520 I0.1965 J-0.0192 F360.000
G03 X24.5271 Y85.8744 I-0.1873 J0.1908 F360.000
G02 X25.2351 Y86.7501 I2.1957 J-1.0513 F360.000
G02 X26.7058 Y87.9694 I4.6686 J-4.1343 F360.000
G02 X28.0942 Y88.4288 I5.1515 J-13.2416 F360.000
G03 X29.2583 Y88.9070 I-2.2546 J7.1443 F360.000
G03 X29.6911 Y89.0010 I-0.1307 J1.6456 F360.000
G02 X30.2571 Y89.2759 I0.8193 J-0.9669 F360.000
G02 X35.6985 Y89.9740 I5.6320 J-22.3427 F360.000
G02 X41.9932 Y89.1815 I-1.6642 J-38.6130 F360.000
G02 X43.4407 Y88.8174 I-8.9509 J-38.6501 F360.000
G02 X45.0644 Y88.1886 I-2.3373 J-8.4456 F360.000
G03 X45.7818 Y87.8368 I5.7207 J10.7594 F360.000
G02 X48.4658 Y85.7608 I-11.0856 J-17.1047 F360.000
G02 X48.9899 Y85.0455 I-1.3671 J-1.5514 F360.000
G03 X49.0900 Y84.6827 I0.6110 J-0.0266 F360.000
G02 X49.2679 Y84.3419 I-0.3335 J-0.3909 F360.000
G02 X49.4227 Y82.7280 I-3.4876 J-1.1489 F360.000
G02 X48.2280 Y80.9897 I-2.9501 J0.7479 F360.000
G03 X47.6879 Y80.3994 I0.9616 J-1.4221 F360.000
G02 X47.4265 Y80.2381 I-0.2121 J0.0514 F360.000
G03 X46.7685 Y79.9025 I0.7926 J-2.3667 F360.000
G03 X46.4055 Y79.7938 I6.7959 J-23.3453 F360.000
G02 X46.3066 Y79.6592 I-0.3149 J0.1277 F360.000
G03 X45.8372 Y79.5247 I0.1774 J-1.5062 F360.000
G02 X45.3690 Y79.2381 I-0.7651 J0.7239 F360.000
G03 X44.8297 Y79.1597 I0.1209 J-2.7262 F360.000
G03 X44.7792 Y79.1220 I0.0335 J-0.0976 F360.000
G01 X44.7743 Y79.1052 F360.000
G01 X44.7708 Y79.0885 F360.000
G02 X44.3880 Y78.9920 I-0.3119 J0.4296 F360.000
G03 X44.2455 Y78.9224 I0.0021 J-0.1850 F360.000
G02 X44.0270 Y78.8122 I-0.1811 J0.0874 F360.000
G03 X42.9263 Y78.4715 I0.4627 J-3.4425 F360.000
G02 X42.6125 Y78.3791 I-0.2412 J0.2399 F360.000
G03 X42.3940 Y78.2936 I-0.0210 J-0.2687 F360.000
G01 X42.3905 Y78.2769 F360.000
G01 X42.3835 Y78.2601 F360.000
G02 X41.6551 Y78.1660 I-0.5745 J1.5798 F360.000
G03 X41.3328 Y78.0875 I-0.0350 J-0.5573 F360.000
G01 X41.3289 Y78.0720 F360.000
G02 X40.4765 Y77.9141 I-0.8183 J2.0379 F360.000
G03 X39.2613 Y77.7095 I2.6370 J-19.3686 F360.000
G02 X37.4887 Y77.6049 I-2.8489 J33.2043 F360.000
G00 Z5.0000 F480


(No. 4: ?????????? 4)
G00 X26.0102 Y89.0849 Z5.0000 F2100
G00 Z0.5000 F480
G01 Z0.0000 F70.000
G01 Z-0.5000 F70.000
G02 X24.6415 Y89.1737 I-0.4405 J3.8029 F360.000
G03 X23.7008 Y89.6381 I-2.7947 J-4.4764 F360.000
G02 X22.9675 Y90.2785 I0.5267 J1.3431 F360.000
G02 X22.8969 Y90.6762 I387.9701 J69.0516 F360.000
G03 X22.7578 Y90.8247 I-0.1769 J-0.0263 F360.000
G02 X22.6828 Y91.8795 I2.1157 J0.6805 F360.000
G02 X22.7901 Y92.1516 I0.3217 J0.0303 F360.000
G03 X22.9264 Y92.4725 I-0.1423 J0.2498 F360.000
G02 X23.1157 Y92.6926 I0.2042 J0.0158 F360.000
G03 X23.2130 Y92.9985 I-0.5234 J0.3351 F360.000
G02 X23.3979 Y93.1050 I0.1837 J-0.1052 F360.000
G03 X23.4999 Y93.3086 I-0.6183 J0.4370 F360.000
G02 X24.1362 Y93.6350 I0.9215 J-1.0131 F360.000
G02 X24.3441 Y93.7748 I0.3923 J-0.3591 F360.000
G03 X24.9886 Y93.8683 I-0.2241 J3.8130 F360.000
G02 X25.1720 Y93.9970 I0.7230 J-0.8353 F360.000
G02 X27.2343 Y93.9054 I0.7995 J-5.2611 F360.000
G02 X28.3814 Y93.4895 I-0.3284 J-2.6952 F360.000
G03 X28.8693 Y93.0272 I1.2598 J0.8411 F360.000
G02 X29.0308 Y92.5248 I-0.5682 J-0.4598 F360.000
G03 X29.2139 Y92.2454 I0.4190 J0.0748 F360.000
G02 X29.1651 Y91.5966 I-1.1155 J-0.2423 F360.000
G02 X28.8803 Y90.6049 I-2.9340 J0.3058 F360.000
G02 X28.1646 Y89.8221 I-48.4191 J43.5492 F360.000
G02 X26.0102 Y89.0849 I-2.2505 J3.0602 F360.000
G01 Z-1.0000 F70.000
G03 X28.1646 Y89.8221 I-0.0962 J3.7974 F360.000
G03 X28.8954 Y90.6300 I-16.3410 J15.5152 F360.000
G03 X29.1821 Y91.6770 I-3.5539 J1.5360 F360.000
G03 X29.2139 Y92.2454 I-0.8390 J0.3320 F360.000
G02 X29.0078 Y92.7468 I0.3195 J0.4244 F360.000
G03 X28.6554 Y93.1832 I-0.5932 J-0.1185 F360.000
G02 X28.3814 Y93.4895 I0.7657 J0.9610 F360.000
G03 X26.9093 Y93.9638 I-1.8147 J-3.1102 F360.000
G03 X25.1720 Y93.9970 I-0.9573 J-4.6216 F360.000
G03 X24.9886 Y93.8683 I7.1413 J-10.3728 F360.000
G02 X24.3235 Y93.7690 I-1.3169 J6.5464 F360.000
G03 X24.1362 Y93.6350 I0.8103 J-1.3304 F360.000
G03 X23.6550 Y93.4472 I1.3380 J-4.1380 F360.000
G03 X23.4266 Y93.1290 I0.2021 J-0.3861 F360.000
G03 X23.2418 Y93.0434 I0.5057 J-1.3344 F360.000
G03 X23.1410 Y92.7194 I5.8467 J-1.9953 F360.000
G03 X22.9769 Y92.6192 I1.0505 J-1.9066 F360.000
G03 X22.8761 Y92.2141 I8.8686 J-2.4206 F360.000
G03 X22.7379 Y92.0999 I6.0866 J-7.5052 F360.000
G03 X22.7476 Y90.8391 I2.2864 J-0.6127 F360.000
G02 X22.8682 Y90.7445 I-0.1218 J-0.2793 F360.000
G02 X22.9338 Y90.3840 I-0.8117 J-0.3341 F360.000
G03 X23.7008 Y89.6381 I1.2227 J0.4899 F360.000
G02 X24.6988 Y89.1523 I-2.6177 J-6.6459 F360.000
G03 X26.0102 Y89.0849 I0.8941 J4.6032 F360.000
G00 Z5.0000 F480


(No. 5: ?????????? 5)
G00 X26.0490 Y91.5879 Z5.0000 F2100
G00 Z0.5000 F480
G01 Z0.0000 F70.000
G01 Z-0.5000 F70.000
G03 X27.3758 Y91.5943 I0.6463 J3.5346 F360.000
G03 X27.8618 Y92.1540 I-0.3565 J0.8006 F360.000
G02 X27.7163 Y92.3209 I0.4284 J0.5205 F360.000
G03 X27.6341 Y92.5684 I-3.0395 J-0.8719 F360.000
G03 X26.5126 Y93.2144 I-1.4715 J-1.2581 F360.000
G03 X25.5914 Y92.2119 I0.0521 J-0.9724 F360.000
G03 X26.0490 Y91.5879 I0.7568 J0.0752 F360.000
G01 Z-1.0000 F70.000
G02 X25.9624 Y92.9949 I0.3388 J0.7270 F360.000
G02 X26.6401 Y93.1990 I0.5864 J-0.7203 F360.000
G02 X27.6645 Y92.5184 I-0.5127 J-1.8831 F360.000
G03 X27.7632 Y92.2502 I0.4779 J0.0235 F360.000
G02 X27.8600 Y92.1090 I-0.0288 J-0.1236 F360.000
G02 X27.2484 Y91.5593 I-0.8926 J0.3780 F360.000
G02 X26.0490 Y91.5879 I-0.5074 J3.8808 F360.000
G00 Z5.0000 F480


(No. 6: ?????????? 7)
G00 X10.5678 Y85.1375 Z5.0000 F2100
G00 Z0.5000 F480
G01 Z0.0000 F70.000
G01 Z-0.5000 F70.000
G03 X12.6887 Y85.5590 I-0.8081 J9.6108 F360.000
G02 X13.4696 Y85.6655 I2.4503 J-15.0498 F360.000
G03 X13.5153 Y85.6940 I-0.0316 J0.1015 F360.000
G01 X13.5197 Y85.7067 F360.000
G01 X13.5270 Y85.7211 F360.000
G02 X14.2400 Y85.9668 I1.1052 J-2.0505 F360.000
G03 X15.0783 Y86.5085 I-0.3263 J1.4246 F360.000
G03 X15.0132 Y86.7745 I-0.1640 J0.1008 F360.000
G03 X14.0323 Y87.4892 I-2.4067 J-2.2724 F360.000
G02 X12.2528 Y88.3075 I4.3257 J11.7517 F360.000
G03 X10.7987 Y88.9804 I-4.7365 J-8.3266 F360.000
G03 X9.9161 Y88.8796 I-0.2887 J-1.3867 F360.000
G03 X8.5354 Y88.4474 I2.7695 J-11.2684 F360.000
G03 X8.4846 Y88.3860 I0.0202 J-0.0684 F360.000
G02 X8.2247 Y88.3102 I-0.2224 J0.2791 F360.000
G03 X6.7210 Y87.5915 I3.0888 J-8.3948 F360.000
G03 X5.8911 Y87.1964 I1.0703 J-3.3174 F360.000
G03 X5.7986 Y87.0398 I6.3957 J-3.8831 F360.000
G02 X5.3600 Y86.8329 I-1.4796 J2.5684 F360.000
G02 X5.2522 Y86.7005 I-0.5528 J0.3399 F360.000
G02 X4.8641 Y86.5377 I-1.3341 J2.6370 F360.000
G03 X2.7163 Y84.8729 I6.8074 J-11.0000 F360.000
G02 X2.6202 Y84.6876 I-1.2508 J0.5317 F360.000
G02 X2.2634 Y84.4196 I-1.2208 J1.2535 F360.000
G03 X2.1967 Y83.7998 I0.4055 J-0.3571 F360.000
G03 X2.5997 Y83.9316 I0.0807 J0.4356 F360.000
G02 X3.3542 Y84.2023 I0.8291 J-1.1243 F360.000
G03 X3.4693 Y84.3593 I-0.0348 J0.1463 F360.000
G02 X3.6341 Y84.3450 I0.0423 J-0.4660 F360.000
G03 X4.6142 Y84.5434 I-0.3747 J4.3710 F360.000
G02 X7.5839 Y84.8946 I3.6712 J-18.3120 F360.000
G03 X10.5678 Y85.1375 I-3.2913 J58.8798 F360.000
G01 Z-1.0000 F70.000
G02 X6.9300 Y84.8467 I-11.3445 J119.0279 F360.000
G03 X3.7949 Y84.3589 I0.7222 J-14.9608 F360.000
G02 X3.4770 Y84.3675 I-0.1424 J0.6193 F360.000
G02 X3.4072 Y84.2284 I-0.1899 J0.0083 F360.000
G02 X3.0355 Y84.1477 I-0.4647 J1.2438 F360.000
G03 X2.4014 Y83.8174 I0.8772 J-2.4575 F360.000
G02 X2.1659 Y83.8385 I-0.1092 J0.1057 F360.000
G02 X2.4980 Y84.5743 I0.5008 J0.2168 F360.000
G03 X2.6745 Y84.8164 I-0.1799 J0.3166 F360.000
G02 X4.1944 Y86.0962 I6.9385 J-6.6975 F360.000
G02 X5.0408 Y86.6116 I2.1497 J-2.5782 F360.000
G03 X5.3485 Y86.8243 I-0.0277 J0.3689 F360.000
G03 X5.7871 Y87.0287 I-1.8751 J4.5974 F360.000
G02 X5.9295 Y87.2276 I0.6595 J-0.3213 F360.000
G02 X6.8636 Y87.6597 I5.3336 J-10.3059 F360.000
G02 X8.2944 Y88.3205 I3.0310 J-4.6835 F360.000
G03 X8.4846 Y88.3860 I0.0272 J0.2297 F360.000
G02 X8.9175 Y88.5915 I0.5091 J-0.5138 F360.000
G02 X10.4039 Y89.0124 I243.9104 J-858.5418 F360.000
G02 X11.2634 Y88.7971 I0.0757 J-1.5213 F360.000
G03 X13.8351 Y87.5492 I21.1035 J40.2159 F360.000
G02 X14.6308 Y87.1172 I-0.4007 J-1.6871 F360.000
G02 X15.1023 Y86.6508 I-1.0050 J-1.4874 F360.000
G02 X14.8026 Y86.2313 I-0.5190 J0.0540 F360.000
G02 X13.7827 Y85.8374 I-1.8219 J3.2002 F360.000
G03 X13.5270 Y85.7211 I0.1804 J-0.7360 F360.000
G01 X13.5197 Y85.7067 F360.000
G01 X13.5153 Y85.6940 F360.000
G02 X13.0084 Y85.6182 I-0.4107 J1.0124 F360.000
G03 X12.3212 Y85.4432 I0.3140 J-2.6694 F360.000
G02 X10.5678 Y85.1375 I-3.6625 J15.8251 F360.000
G00 Z5.0000 F480


(No. 7: ?????????? 6)
G00 X10.3578 Y84.1764 Z5.0000 F2100
G00 Z0.5000 F480
G01 Z0.0000 F70.000
G01 Z-0.5000 F70.000
G03 X6.8939 Y83.9176 I2.9189 J-62.3766 F360.000
G03 X6.7700 Y83.8697 I0.0175 J-0.2298 F360.000
G01 X6.7655 Y83.8569 F360.000
G01 X6.7576 Y83.8420 F360.000
G02 X5.9142 Y83.7562 I-0.6660 J2.3578 F360.000
G03 X5.5714 Y83.6591 I-0.0474 J-0.4865 F360.000
G02 X5.5476 Y83.5619 I-0.8114 J0.1466 F360.000
G01 X5.5376 Y83.5594 F360.000
G03 X5.3445 Y83.6980 I-0.1839 J-0.0524 F360.000
G03 X4.5361 Y83.3973 I1.2971 J-4.7240 F360.000
G01 X4.5362 Y83.3752 F360.000
G03 X5.2340 Y82.8762 I1.3816 J1.1948 F360.000
G03 X6.3499 Y82.1314 I4.1355 J4.9871 F360.000
G02 X7.0604 Y81.8615 I-0.5294 J-2.4638 F360.000
G03 X7.5035 Y81.6684 I0.5864 J0.7408 F360.000
G02 X7.4789 Y81.5496 I-0.1690 J-0.0268 F360.000
G01 X7.4828 Y81.5354 F360.000
G03 X7.8041 Y81.4462 I0.4182 J0.8835 F360.000
G03 X8.4443 Y81.1033 I20.5141 J37.5268 F360.000
G02 X8.7259 Y81.0230 I-0.0402 J-0.6752 F360.000
G03 X9.0597 Y80.8637 I0.2579 J0.1109 F360.000
G02 X9.2783 Y80.7782 I0.0209 J-0.2688 F360.000
G03 X9.5546 Y80.6552 I0.2169 J0.1153 F360.000
G02 X9.9983 Y80.3705 I-0.1679 J-0.7495 F360.000
G03 X10.5138 Y80.2204 I0.5093 J0.7895 F360.000
G02 X10.6026 Y80.1627 I-0.0304 J-0.1441 F360.000
G01 X10.6061 Y80.1471 F360.000
G01 X10.6106 Y80.1304 F360.000
G03 X11.2145 Y79.9844 I0.5546 J0.9722 F360.000
G02 X12.1298 Y80.0350 I7.7840 J-132.6085 F360.000
G03 X13.0228 Y80.4875 I-0.5335 J2.1600 F360.000
G03 X13.6435 Y81.0695 I-1.0473 J1.7390 F360.000
G02 X14.0315 Y81.6049 I1.0568 J-0.3576 F360.000
G03 X14.4001 Y82.2456 I-2.7892 J2.0311 F360.000
G03 X14.6851 Y82.5777 I-1.4926 J1.5690 F360.000
G02 X15.0997 Y83.4226 I2.5130 J-0.7091 F360.000
G03 X15.5916 Y84.6221 I-2.1513 J1.5828 F360.000
G03 X15.3024 Y85.0011 I-0.2925 J0.0767 F360.000
G02 X14.3120 Y84.8143 I-2.1864 J8.8743 F360.000
G03 X13.7242 Y84.7499 I-0.0988 J-1.8143 F360.000
G01 X13.7151 Y84.7434 F360.000
G01 X13.7047 Y84.7296 F360.000
G01 X13.7052 Y84.7150 F360.000
G01 X13.7176 Y84.6939 F360.000
G01 X13.7191 Y84.6809 F360.000
G01 X13.7136 Y84.6683 F360.000
G02 X13.0489 Y84.5334 I-0.6749 J1.6207 F360.000
G03 X11.2299 Y84.3212 I0.9694 J-16.2132 F360.000
G02 X10.3578 Y84.1764 I-1.1076 J3.9720 F360.000
G01 Z-1.0000 F70.000
G03 X11.7591 Y84.4045 I-4.5791 J32.5555 F360.000
G03 X13.6798 Y84.6440 I-0.9042 J15.0705 F360.000
G01 X13.7007 Y84.6560 F360.000
G01 X13.7136 Y84.6683 F360.000
G01 X13.7191 Y84.6809 F360.000
G01 X13.7176 Y84.6939 F360.000
G01 X13.7052 Y84.7150 F360.000
G01 X13.7047 Y84.7296 F360.000
G02 X14.1811 Y84.8038 I0.3626 J-0.7620 F360.000
G03 X15.2741 Y84.9996 I-0.5881 J6.4319 F360.000
G02 X15.5916 Y84.6221 I0.0216 J-0.3041 F360.000
G02 X15.0370 Y83.3196 I-3.0834 J0.5437 F360.000
G03 X14.7064 Y82.6315 I1.6523 J-1.2172 F360.000
G02 X14.4298 Y82.2869 I-0.8661 J0.4119 F360.000
G02 X14.0953 Y81.6839 I-11.5661 J6.0221 F360.000
G03 X13.6925 Y81.2179 I2.4164 J-2.4961 F360.000
G02 X13.5269 Y80.9095 I-1.0666 J0.3738 F360.000
G02 X12.2084 Y80.0422 I-2.7435 J2.7347 F360.000
G02 X11.2145 Y79.9844 I-8.6538 J140.4264 F360.000
G02 X10.6106 Y80.1304 I-0.0763 J1.0067 F360.000
G01 X10.6061 Y80.1471 F360.000
G01 X10.6026 Y80.1627 F360.000
G03 X10.2508 Y80.2544 I-0.2954 J-0.4127 F360.000
G02 X9.8112 Y80.5458 I0.2300 J0.8240 F360.000
G03 X9.3634 Y80.6830 I-0.4826 J-0.7762 F360.000
G02 X9.2783 Y80.7782 I0.0230 J0.1061 F360.000
G03 X8.8954 Y80.8767 I-0.3174 J-0.4407 F360.000
G02 X8.7259 Y81.0230 I0.0026 J0.1744 F360.000
G03 X8.3722 Y81.1330 I-0.8648 J-2.1584 F360.000
G03 X7.7531 Y81.4631 I-1.9932 J-2.9921 F360.000
G02 X7.4919 Y81.5225 I0.0251 J0.7141 F360.000
G01 X7.4828 Y81.5354 F360.000
G01 X7.4789 Y81.5496 F360.000
G03 X7.5035 Y81.6684 I-0.0868 J0.0800 F360.000
G02 X6.9472 Y81.9275 I0.2184 J1.1958 F360.000
G03 X6.3089 Y82.1494 I-2.0302 J-4.8106 F360.000
G02 X5.2101 Y82.8914 I4.0445 J7.1729 F360.000
G02 X4.5362 Y83.3752 I0.6597 J1.6304 F360.000
G01 X4.5361 Y83.3973 F360.000
G02 X5.3661 Y83.6990 I1.8471 J-3.7892 F360.000
G02 X5.5376 Y83.5594 I-0.0293 J-0.2112 F360.000
G01 X5.5476 Y83.5619 F360.000
G02 X5.7252 Y83.7312 I0.1569 J0.0132 F360.000
G03 X6.6216 Y83.7970 I-2.6672 J42.4512 F360.000
G03 X6.7576 Y83.8420 I-0.0216 J0.2936 F360.000
G01 X6.7655 Y83.8569 F360.000
G01 X6.7700 Y83.8697 F360.000
G02 X7.6660 Y84.0019 I0.8390 J-2.5845 F360.000
G03 X10.3578 Y84.1764 I-5.0689 J99.0574 F360.000
G00 Z5.0000 F480


(No. 8: ?????????? 8)
G00 X6.2339 Y80.2905 Z5.0000 F2100
G00 Z0.5000 F480
G01 Z0.0000 F70.000
G01 Z-0.5000 F70.000
G02 X5.1559 Y81.0260 I47.8875 J71.3464 F360.000
G02 X4.9215 Y81.1358 I0.1109 J0.5421 F360.000
G03 X4.7195 Y81.2916 I-0.1794 J-0.0237 F360.000
G02 X3.7473 Y81.9629 I4.0955 J6.9715 F360.000
G03 X3.2645 Y82.1707 I-1.1049 J-1.9023 F360.000
G03 X2.7615 Y82.5242 I-2.9321 J-3.6371 F360.000
G02 X1.9254 Y82.7978 I-0.1268 J1.0268 F360.000
G03 X1.6943 Y82.8162 I-0.1238 J-0.0946 F360.000
G02 X1.6407 Y82.7340 I-0.2878 J0.1289 F360.000
G01 X1.6297 Y82.7322 F360.000
G03 X1.4488 Y82.9026 I-0.1643 J0.0068 F360.000
G02 X0.5526 Y82.9724 I1.2782 J22.2090 F360.000
G02 X0.4107 Y83.0312 I0.0118 J0.2292 F360.000
G03 X0.1668 Y83.1489 I-0.2003 J-0.1036 F360.000
G02 X0.0007 Y83.5539 I0.2169 J0.3256 F360.000
G02 X0.3565 Y84.1701 I0.6558 J0.0321 F360.000
G03 X0.6686 Y84.6830 I-1.0211 J0.9727 F360.000
G02 X0.9090 Y84.8165 I0.2237 J-0.1197 F360.000
G03 X1.3697 Y85.2818 I-0.1752 J0.6341 F360.000
G02 X2.0887 Y85.9352 I3.0025 J-2.5817 F360.000
G03 X2.6578 Y86.5361 I-1.0595 J1.5732 F360.000
G02 X2.9466 Y86.7213 I0.3059 J-0.1593 F360.000
G03 X3.2195 Y86.9947 I-0.0483 J0.3211 F360.000
G02 X3.6108 Y87.1970 I0.7372 J-0.9464 F360.000
G03 X3.7384 Y87.4150 I-0.1276 J0.2210 F360.000
G02 X4.1812 Y87.5082 I0.3184 J-0.4141 F360.000
G03 X4.2732 Y87.7482 I-0.3704 J0.2796 F360.000
G02 X4.4881 Y87.8649 I0.5268 J-0.7138 F360.000
G02 X5.6567 Y88.6098 I11.1947 J-16.2740 F360.000
G03 X5.8357 Y88.7294 I0.0126 J0.1751 F360.000
G02 X6.2035 Y89.0711 I0.5275 J-0.1988 F360.000
G03 X8.6107 Y90.5028 I-8.3635 J16.8021 F360.000
G03 X8.7840 Y90.8545 I-0.3211 J0.3767 F360.000
G03 X9.2028 Y91.7659 I-5.4984 J3.0782 F360.000
G02 X9.3918 Y92.3376 I1.3178 J-0.1187 F360.000
G03 X9.5544 Y92.5774 I-0.0399 J0.2020 F360.000
G02 X10.2027 Y93.6906 I4.6422 J-1.9580 F360.000
G02 X10.8096 Y94.4797 I2.5322 J-1.3195 F360.000
G02 X11.3800 Y95.1135 I1.2908 J-0.5883 F360.000
G03 X11.6642 Y95.5091 I-0.2165 J0.4555 F360.000
G02 X11.8805 Y95.6721 I0.1699 J-0.0003 F360.000
G03 X12.0976 Y95.8167 I0.0246 J0.1984 F360.000
G02 X13.7534 Y97.1146 I15.0780 J-17.5306 F360.000
G02 X14.2849 Y97.4198 I1.5231 J-2.0372 F360.000
G02 X15.1624 Y97.9339 I1.9755 J-2.3661 F360.000
G03 X15.4937 Y98.0207 I0.0383 J0.5291 F360.000
G02 X15.7675 Y98.1622 I0.2172 J-0.0847 F360.000
G03 X15.9254 Y98.3079 I-0.0076 J0.1666 F360.000
G02 X16.2110 Y98.3803 I0.2583 J-0.4194 F360.000
G02 X17.3244 Y98.7549 I13.3737 J-37.9053 F360.000
G03 X17.7184 Y98.8272 I0.0120 J1.0443 F360.000
G03 X17.7542 Y98.8649 I-0.0459 J0.0794 F360.000
G01 X17.7576 Y98.8817 F360.000
G01 X17.7638 Y98.8984 F360.000
G02 X18.3909 Y98.9942 I0.5084 J-1.2279 F360.000
G03 X19.2296 Y99.2402 I-0.2438 J2.3838 F360.000
G02 X21.7090 Y99.5869 I2.9406 J-11.9883 F360.000
G03 X22.8369 Y99.8021 I-0.4555 J5.4522 F360.000
G02 X26.4458 Y99.9713 I3.3104 J-32.0354 F360.000
G02 X31.1551 Y99.9520 I2.1025 J-61.4325 F360.000
G03 X33.1779 Y99.7029 I10.4227 J76.3106 F360.000
G02 X35.0275 Y99.5600 I-2.0066 J-38.0071 F360.000
G02 X35.2354 Y99.5033 I-0.0161 J-0.4686 F360.000
G01 X35.2410 Y99.4875 F360.000
G03 X35.9924 Y99.3938 I0.5892 J1.6658 F360.000
G02 X37.2579 Y99.0578 I-0.3690 J-3.9407 F360.000
G02 X38.0499 Y98.8942 I-7.0548 J-36.1613 F360.000
G02 X39.6585 Y98.3092 I-7.3494 J-22.7136 F360.000
G02 X39.7453 Y98.2225 I-0.0460 J-0.1329 F360.000
G03 X40.1460 Y98.1413 I0.3622 J0.7577 F360.000
G02 X40.2681 Y98.0701 I-0.0164 J-0.1684 F360.000
G01 X40.2716 Y98.0533 F360.000
G01 X40.2751 Y98.0366 F360.000
G03 X40.6579 Y97.9382 I0.3173 J0.4407 F360.000
G02 X40.7979 Y97.8630 I-0.0133 J-0.1926 F360.000
G03 X41.0776 Y97.7400 I0.2192 J0.1188 F360.000
G02 X41.5742 Y97.4407 I-0.2041 J-0.9003 F360.000
G03 X41.9980 Y97.2974 I0.5067 J0.8003 F360.000
G02 X42.4450 Y96.9752 I-1.4036 J-2.4184 F360.000
G03 X42.7483 Y96.8775 I1.7341 J4.8664 F360.000
G01 X42.7527 Y96.8669 F360.000
G01 X42.7526 Y96.8553 F360.000
G03 X42.8848 Y96.6137 I0.2018 J-0.0466 F360.000
G03 X43.0344 Y96.5622 I0.1293 J0.1328 F360.000
G01 X43.0445 Y96.5713 F360.000
G01 X43.0506 Y96.5850 F360.000
G01 X43.0527 Y96.6033 F360.000
G01 X43.0701 Y96.6076 F360.000
G02 X44.8917 Y95.2720 I-9.2225 J-14.4889 F360.000
G03 X45.8018 Y94.6317 I3.7138 J4.3110 F360.000
G02 X46.6325 Y93.8599 I-1.4477 J-2.3912 F360.000
G03 X47.3364 Y93.3287 I1.9015 J1.7876 F360.000
G02 X47.6827 Y92.8831 I-0.2835 J-0.5778 F360.000
G03 X47.8985 Y92.6477 I0.2091 J-0.0249 F360.000
G02 X47.9974 Y92.4570 I-0.6627 J-0.4647 F360.000
G02 X48.7422 Y91.4950 I-61.6391 J-48.4983 F360.000
G03 X49.2990 Y90.7685 I4.0119 J2.4978 F360.000
G02 X49.5768 Y90.1320 I-0.9168 J-0.7790 F360.000
G03 X49.7144 Y90.0444 I0.2553 J0.2492 F360.000
G02 X50.2408 Y89.2762 I-3.0071 J-2.6249 F360.000
G03 X50.5304 Y88.8301 I113.1421 J73.1326 F360.000
G02 X51.4599 Y86.9489 I-5.7318 J-4.0023 F360.000
G03 X52.1803 Y84.8818 I41.3816 J13.2617 F360.000
G02 X52.7428 Y83.4268 I-5.4571 J-2.9462 F360.000
G03 X53.5003 Y81.7541 I9.5003 J3.2944 F360.000
G03 X53.7107 Y81.2752 I1.0024 J0.1547 F360.000
G03 X55.1581 Y79.2677 I12.4856 J7.4762 F360.000
G03 X59.8668 Y75.5830 I43.6829 J50.9725 F360.000
G02 X60.0675 Y75.3210 I-0.7709 J-0.7982 F360.000
G02 X60.5264 Y74.9714 I-2.0479 J-3.1647 F360.000
G03 X61.2230 Y74.3072 I2.5626 J1.9901 F360.000
G02 X62.3753 Y73.2739 I-6.0376 J-7.8927 F360.000
G03 X63.0449 Y72.6904 I2.2399 J1.8941 F360.000
G02 X63.4477 Y72.2794 I-0.7205 J-1.1091 F360.000
G03 X63.6498 Y72.1443 I0.2074 J0.0918 F360.000
G02 X63.7515 Y71.9027 I-0.6495 J-0.4157 F360.000
G03 X63.9311 Y71.8196 I1.0596 J2.0530 F360.000
G02 X64.0138 Y71.5840 I-8.6798 J-3.1820 F360.000
G02 X64.4873 Y71.1551 I-0.4217 J-0.9412 F360.000
G02 X65.2504 Y70.3799 I-25.4438 J-25.8114 F360.000
G03 X65.3796 Y70.1361 I0.6745 J0.2013 F360.000
G02 X65.8019 Y69.8014 I-1.8550 J-2.7744 F360.000
G03 X66.1599 Y69.4350 I0.5590 J0.1881 F360.000
G02 X66.3910 Y69.0612 I-0.2613 J-0.4199 F360.000
G03 X66.7983 Y68.5906 I2.3331 J1.6079 F360.000
G02 X66.9423 Y68.2487 I-1.2617 J-0.7327 F360.000
G02 X67.3695 Y67.7459 I-12.9930 J-11.4728 F360.000
G02 X67.4528 Y67.4704 I-14.7333 J-4.6029 F360.000
G03 X67.6467 Y67.3591 I0.5395 J0.7155 F360.000
G03 X67.7320 Y67.1316 I1.1670 J0.3078 F360.000
G02 X67.9185 Y67.0246 I-0.0931 J-0.3783 F360.000
G03 X67.9976 Y66.7215 I1.4560 J0.2178 F360.000
G02 X68.4948 Y66.1212 I-1.2198 J-1.5165 F360.000
G03 X69.6547 Y64.4171 I15.5327 J9.3256 F360.000
G02 X70.7535 Y62.8670 I-8.1507 J-6.9423 F360.000
G02 X73.2697 Y58.5958 I-44.5148 J-29.1001 F360.000
G03 X73.8386 Y57.5295 I4.8693 J1.9133 F360.000
G03 X74.9153 Y55.3935 I70.2736 J34.0823 F360.000
G02 X75.9555 Y52.6064 I-41.2819 J-16.9948 F360.000
G03 X76.6873 Y50.6810 I15.3452 J4.7309 F360.000
G02 X76.8904 Y49.6671 I-14.0396 J-3.3390 F360.000
G02 X77.0653 Y49.1833 I-2.0139 J-1.0018 F360.000
G03 X77.1513 Y48.5965 I1.9679 J-0.0112 F360.000
G02 X77.3070 Y48.4056 I-2.0792 J-1.8547 F360.000
G03 X77.3923 Y48.0130 I159.8148 J34.5129 F360.000
G03 X77.5719 Y47.8887 I0.5167 J0.5548 F360.000
G03 X77.6590 Y47.5643 I627.2258 J168.3315 F360.000
G02 X77.8916 Y47.3736 I-0.2752 J-0.5728 F360.000
G02 X78.1800 Y46.7434 I-1.5978 J-1.1121 F360.000
G02 X78.3739 Y46.6477 I-1.1072 J-2.4896 F360.000
G03 X78.4957 Y46.3094 I2.0941 J0.5626 F360.000
G02 X79.1785 Y45.3053 I-6.5903 J-5.2157 F360.000
G03 X79.7711 Y44.3164 I5.4184 J2.5751 F360.000
G02 X79.9701 Y44.1352 I-1.2174 J-1.5365 F360.000
G03 X80.0484 Y43.7560 I1.9500 J0.2051 F360.000
G03 X80.2126 Y43.6634 I0.2557 J0.2615 F360.000
G02 X80.3213 Y43.4129 I-887.4760 J-385.3652 F360.000
G02 X80.4929 Y43.3220 I-0.0351 J-0.2736 F360.000
G03 X80.5782 Y43.0187 I1.9353 J0.3805 F360.000
G02 X80.7578 Y42.9227 I-2.0703 J-4.0872 F360.000
G03 X80.8600 Y42.5755 I53.1760 J15.4703 F360.000
G02 X81.7745 Y40.8813 I-29.7922 J-17.1754 F360.000
G03 X81.9025 Y40.4188 I13.6013 J3.5162 F360.000
G02 X82.0890 Y40.1935 I-0.5262 J-0.6255 F360.000
G03 X82.1754 Y39.7926 I1.6615 J0.1481 F360.000
G02 X82.3395 Y39.5420 I-0.2934 J-0.3712 F360.000
G02 X82.4275 Y38.7480 I-87.4560 J-10.0922 F360.000
G03 X82.6355 Y38.6086 I0.1719 J0.0315 F360.000
G01 X82.6427 Y38.5982 F360.000
G01 X82.6379 Y38.5889 F360.000
G03 X82.3895 Y38.3227 I0.1032 J-0.3452 F360.000
G02 X82.3044 Y36.9520 I-3.5846 J-0.4655 F360.000
G01 X82.2879 Y36.9246 F360.000
G01 X82.2709 Y36.9107 F360.000
G01 X82.2534 Y36.9114 F360.000
G03 X82.1133 Y36.8025 I-0.0503 J-0.0799 F360.000
G02 X81.7801 Y36.5258 I-0.5971 J0.3800 F360.000
G03 X81.6386 Y36.0567 I0.1632 J-0.3051 F360.000
G02 X81.7844 Y36.0081 I-0.0341 J-0.3460 F360.000
G02 X81.8818 Y35.7022 I-0.5235 J-0.3351 F360.000
G03 X82.0582 Y35.5873 I0.2157 J0.1384 F360.000
G02 X82.1596 Y35.2684 I-0.9474 J-0.4768 F360.000
G02 X82.3538 Y35.0777 I-0.9812 J-1.1938 F360.000
G03 X82.4726 Y34.6505 I9.3149 J2.3601 F360.000
G03 X82.6016 Y34.5350 I0.4426 J0.3647 F360.000
G03 X82.6991 Y34.0206 I36.4997 J6.6515 F360.000
G03 X82.8033 Y33.9487 I0.1082 J0.0452 F360.000
G02 X83.0550 Y33.2522 I-1.1976 J-0.8266 F360.000
G02 X83.1097 Y32.2588 I-2.6675 J-0.6449 F360.000
G02 X82.9852 Y32.0728 I-56.4435 J37.6454 F360.000
G03 X82.8699 Y31.6145 I3.3736 J-1.0921 F360.000
G02 X82.4628 Y31.3138 I-0.4388 J0.1682 F360.000
G02 X80.3186 Y31.5976 I-0.5755 J3.8936 F360.000
G02 X79.7766 Y31.7251 I1.7549 J8.6765 F360.000
G02 X79.7313 Y31.8178 I0.0586 J0.0861 F360.000
G03 X79.3601 Y31.8950 I-0.2507 J-0.2740 F360.000
G03 X78.2620 Y31.2950 I0.0873 J-1.4646 F360.000
G03 X78.2116 Y30.7477 I0.3363 J-0.3069 F360.000
G02 X78.4243 Y30.3384 I-0.2100 J-0.3690 F360.000
G03 X79.0116 Y29.6136 I1.8545 J0.9022 F360.000
G02 X79.2846 Y29.2639 I-1.7352 J-1.6359 F360.000
G02 X80.2398 Y28.4333 I-14.2278 J-17.3268 F360.000
G03 X80.6346 Y28.0970 I0.7112 J0.4352 F360.000
G02 X80.8441 Y27.8560 I-0.3013 J-0.4735 F360.000
G03 X82.6033 Y26.4000 I35.7029 J41.3481 F360.000
G03 X84.0029 Y25.2366 I10.9391 J11.7362 F360.000
G02 X84.5048 Y24.7421 I-1.1278 J-1.6468 F360.000
G03 X85.1800 Y24.1069 I1.9372 J1.3827 F360.000
G02 X86.2990 Y23.0328 I-21.2773 J-23.2853 F360.000
G02 X87.1595 Y22.1954 I-5.4481 J-6.4593 F360.000
G03 X88.9135 Y20.7008 I21.8049 J23.8127 F360.000
G02 X91.3387 Y18.5410 I-19.9620 J-24.8568 F360.000
G03 X92.3393 Y17.4950 I10.1925 J8.7479 F360.000
G02 X93.5095 Y16.3417 I-16.0786 J-17.4855 F360.000
G02 X96.1105 Y14.0576 I-316.9770 J-363.5714 F360.000
G03 X98.8359 Y11.5633 I67.5238 J71.0446 F360.000
G02 X98.9753 Y11.3109 I-0.4306 J-0.4025 F360.000
G02 X99.3623 Y10.8920 I-0.2975 J-0.6632 F360.000
G03 X99.8638 Y10.3928 I1.3873 J0.8920 F360.000
G02 X99.9914 Y9.7823 I-0.9565 J-0.5185 F360.000
G02 X99.9102 Y7.9982 I-7.5247 J-0.5511 F360.000
G02 X99.7892 Y7.8366 I-1.1531 J0.7368 F360.000
G03 X99.7207 Y7.5432 I0.6435 J-0.3051 F360.000
G02 X98.8439 Y6.6486 I-2.2729 J1.3509 F360.000
G02 X97.2038 Y5.8067 I-2.7979 J3.4321 F360.000
G03 X96.7516 Y5.6890 I-0.0810 J-0.6163 F360.000
G02 X95.5193 Y5.6012 I-0.9714 J4.9402 F360.000
G02 X93.4017 Y5.6892 I-0.5427 J12.4604 F360.000
G01 X93.3780 Y5.7081 F360.000
G01 X93.3728 Y5.7225 F360.000
G03 X92.8007 Y5.8086 I-0.4725 J-1.1953 F360.000
G02 X92.4533 Y5.9262 I0.0561 J0.7378 F360.000
G03 X89.2702 Y5.9263 I-1.5916 J-16.1785 F360.000
G02 X88.5837 Y5.7889 I-0.5652 J1.0402 F360.000
G03 X88.3506 Y5.7102 I-0.0104 J-0.3540 F360.000
G02 X88.1430 Y5.5781 I-0.1742 J0.0445 F360.000
G03 X87.3059 Y4.8474 I0.8157 J-1.7795 F360.000
G02 X86.9972 Y4.7390 I-0.3514 J0.5066 F360.000
G03 X86.8729 Y4.4596 I0.1729 J-0.2442 F360.000
G02 X86.6803 Y4.3290 I-0.1824 J0.0618 F360.000
G03 X86.6969 Y4.2030 I0.2823 J-0.0270 F360.000
G02 X86.4409 Y3.8869 I-0.6448 J0.2604 F360.000
G03 X86.3262 Y3.6115 I0.3629 J-0.3129 F360.000
G02 X85.5222 Y2.7273 I-3.1800 J2.0839 F360.000
G03 X85.2698 Y2.2179 I0.5618 J-0.5957 F360.000
G02 X84.8784 Y1.8523 I-0.9180 J0.5903 F360.000
G03 X84.7233 Y1.5838 I0.8641 J-0.6781 F360.000
G03 X84.5305 Y1.4974 I0.0741 J-0.4239 F360.000
G02 X84.1765 Y1.0980 I-0.5271 J0.1105 F360.000
G03 X83.9446 Y0.7698 I0.2228 J-0.4035 F360.000
G02 X83.6931 Y0.6672 I-1.2130 J2.6119 F360.000
G02 X82.7635 Y0.1659 I-2.2117 J2.9888 F360.000
G02 X80.8100 Y0.0028 I-1.5523 J6.8112 F360.000
G02 X80.2804 Y0.0657 I-0.1230 J1.2245 F360.000
G03 X79.8227 Y0.3535 I-0.6606 J-0.5427 F360.000
G02 X77.9640 Y1.9823 I2.3281 J4.5317 F360.000
G03 X77.1669 Y2.7696 I-28.3858 J-27.9437 F360.000
G02 X77.0296 Y3.0264 I17.1876 J9.3516 F360.000
G02 X76.5957 Y3.4720 I1.6694 J2.0599 F360.000
G03 X76.1661 Y4.1246 I-1.5048 J-0.5228 F360.000
G02 X75.6302 Y4.8713 I0.9471 J1.2454 F360.000
G03 X75.1255 Y5.4744 I-17.1062 J-13.7997 F360.000
G03 X73.5538 Y7.8113 I-53.6285 J-34.3738 F360.000
G02 X72.7135 Y8.9608 I4.7064 J4.3224 F360.000
G03 X71.3574 Y10.7756 I-9.9933 J-6.0533 F360.000
G02 X71.0941 Y11.2477 I0.5484 J0.6152 F360.000
G02 X70.3500 Y12.0027 I3.0208 J3.7217 F360.000
G02 X69.5332 Y12.9981 I5.0269 J4.9577 F360.000
G02 X68.0070 Y15.0825 I28.1332 J22.1998 F360.000
G02 X67.2940 Y16.0978 I37.2155 J26.8897 F360.000
G03 X66.9260 Y16.4995 I-0.6666 J-0.2413 F360.000
G03 X66.8446 Y16.7351 I-0.8390 J-0.1581 F360.000
G02 X66.6581 Y16.8292 I0.1594 J0.5482 F360.000
G03 X66.5718 Y17.0380 I-0.4253 J-0.0536 F360.000
G02 X66.3869 Y17.0291 I-0.1117 J0.3958 F360.000
G03 X65.8997 Y17.5462 I-1.0357 J-0.4877 F360.000
G02 X65.5632 Y17.9553 I0.3792 J0.6550 F360.000
G03 X65.1803 Y18.3055 I-0.7336 J-0.4177 F360.000
G02 X65.0049 Y18.5900 I0.2891 J0.3745 F360.000
G02 X64.8110 Y18.6915 I0.4084 J1.0170 F360.000
G03 X64.6793 Y19.0441 I-1.1497 J-0.2285 F360.000
G02 X64.2927 Y19.4892 I2.3664 J2.4454 F360.000
G02 X64.2249 Y19.7584 I0.6269 J0.3011 F360.000
G01 X64.2152 Y19.7653 F360.000
G01 X64.2023 Y19.7636 F360.000
G02 X64.0196 Y19.5906 I-0.9946 J0.8678 F360.000
G01 X64.0063 Y19.5929 F360.000
G03 X63.9462 Y19.9009 I-1.8030 J-0.1921 F360.000
G03 X63.7669 Y20.0226 I-0.2874 J-0.2305 F360.000
G02 X63.6662 Y20.3466 I5.7984 J1.9802 F360.000
G02 X63.4866 Y20.4423 I2.4782 J4.8701 F360.000
G03 X63.4013 Y20.6698 I-1.1674 J-0.3080 F360.000
G02 X63.2148 Y20.7617 I0.1792 J0.5988 F360.000
G03 X63.1285 Y20.9878 I-0.5437 J-0.0780 F360.000
G02 X62.9436 Y21.0736 I0.0732 J0.3997 F360.000
G03 X62.5896 Y21.5697 I-0.7708 J-0.1757 F360.000
G02 X62.3562 Y21.9974 I0.4784 J0.5386 F360.000
G03 X62.1777 Y22.0934 I-0.4723 J-0.6644 F360.000
G02 X62.0770 Y22.4175 I5.7984 J1.9802 F360.000
G03 X61.9128 Y22.5076 I-0.9492 J-1.5345 F360.000
G02 X61.8170 Y22.8416 I2.2957 J0.8398 F360.000
G02 X61.2204 Y23.4264 I0.9254 J1.5408 F360.000
G03 X60.8344 Y23.7475 I-0.7681 J-0.5306 F360.000
G03 X60.7526 Y23.9831 I-0.8541 J-0.1645 F360.000
G02 X60.5661 Y24.0932 I0.0846 J0.3565 F360.000
G03 X60.4877 Y24.3848 I-1.4129 J-0.2233 F360.000
G02 X60.3082 Y24.4804 I2.4821 J4.8771 F360.000
G03 X60.2229 Y24.7079 I-1.1674 J-0.3080 F360.000
G02 X60.0148 Y24.8056 I0.2956 J0.8997 F360.000
G03 X59.3195 Y25.7974 I-3.6077 J-1.7897 F360.000
G03 X58.3730 Y26.3490 I-1.1599 J-0.9024 F360.000
G03 X56.2420 Y26.5387 I-1.4943 J-4.7207 F360.000
G02 X55.2000 Y26.6538 I-0.1409 J3.4996 F360.000
G03 X54.2314 Y26.5252 I-0.0627 J-3.2385 F360.000
G02 X50.8504 Y26.4100 I-2.7457 J30.9098 F360.000
G02 X43.7050 Y26.4735 I-2.2602 J147.6859 F360.000
G02 X41.2603 Y26.7670 I5.9756 J60.0981 F360.000
G02 X37.7040 Y27.1554 I11.7864 J124.3994 F360.000
G02 X35.0916 Y27.5656 I3.4095 J30.2356 F360.000
G02 X31.4126 Y28.2805 I19.0429 J107.8299 F360.000
G03 X29.8973 Y28.6209 I-4.2361 J-15.3127 F360.000
G02 X25.6603 Y30.2104 I73.0966 J201.2854 F360.000
G02 X24.2247 Y30.7297 I2.7687 J9.8983 F360.000
G02 X22.8274 Y31.4324 I18.6034 J38.7349 F360.000
G02 X22.4235 Y31.5154 I0.3826 J2.8868 F360.000
G02 X22.3897 Y31.5672 I0.0317 J0.0576 F360.000
G03 X20.9784 Y32.1903 I-4.3847 J-8.0219 F360.000
G02 X20.5418 Y32.4196 I0.6034 J1.6793 F360.000
G03 X20.2645 Y32.5164 I-0.2197 J-0.1839 F360.000
G02 X19.7247 Y32.8106 I0.3271 J1.2422 F360.000
G02 X18.9783 Y33.2084 I3.4301 J7.3356 F360.000
G02 X18.9464 Y33.2673 I0.0484 J0.0642 F360.000
G03 X18.6073 Y33.3557 I-0.3042 J-0.4719 F360.000
G02 X18.1582 Y33.6554 I0.4114 J1.1032 F360.000
G03 X17.7811 Y33.7840 I-0.5590 J-1.0215 F360.000
G01 X17.7794 Y33.7975 F360.000
G02 X17.8051 Y33.8290 I0.4656 J-0.3535 F360.000
G03 X17.5059 Y34.1502 I-0.4517 J-0.1208 F360.000
G02 X16.8673 Y34.5778 I0.3313 J1.1854 F360.000
G02 X16.7870 Y34.7136 I0.1313 J0.1692 F360.000
G03 X16.8120 Y34.7460 I-0.1799 J0.1643 F360.000
G01 X16.8138 Y34.7592 F360.000
G01 X16.8064 Y34.7705 F360.000
G02 X16.3157 Y34.9825 I0.1270 J0.9682 F360.000
G02 X13.8547 Y36.8540 I24.8973 J35.2915 F360.000
G02 X11.9274 Y38.3751 I27.6688 J37.0389 F360.000
G03 X11.0240 Y39.2062 I-4.3601 J-3.8333 F360.000
G02 X9.0906 Y41.1477 I10.0922 J11.9833 F360.000
G03 X8.5544 Y41.7539 I-9.9356 J-8.2489 F360.000
G03 X8.4059 Y42.1172 I-32.8291 J-13.2006 F360.000
G02 X7.9907 Y42.6475 I4.8824 J4.2505 F360.000
G03 X7.9117 Y42.8340 I-0.3471 J-0.0371 F360.000
G02 X7.7245 Y42.9196 I0.0926 J0.4495 F360.000
G03 X7.6382 Y43.1458 I-0.5438 J-0.0780 F360.000
G02 X7.4666 Y43.2367 I0.0351 J0.2736 F360.000
G03 X7.3813 Y43.5400 I-1.9353 J-0.3805 F360.000
G02 X7.2172 Y43.6402 I1.0483 J1.9031 F360.000
G02 X7.1164 Y44.0453 I8.7939 J2.4021 F360.000
G03 X6.9523 Y44.1479 I-0.4132 J-0.4783 F360.000
G02 X6.8516 Y44.4719 I5.7995 J1.9806 F360.000
G03 X6.6874 Y44.5608 I-0.7740 J-1.2329 F360.000
G02 X6.5787 Y44.9112 I4.0446 J1.4470 F360.000
G02 X6.3939 Y45.1432 I0.2945 J0.4243 F360.000
G03 X6.3138 Y45.5084 I-1.0570 J-0.0402 F360.000
G03 X6.1497 Y45.5949 I-0.9338 J-1.5741 F360.000
G02 X6.0644 Y45.8224 I3.2730 J1.3570 F360.000
G02 X5.8848 Y45.9433 I0.1328 J0.3909 F360.000
G02 X5.7877 Y46.5054 I29.5516 J5.3989 F360.000
G03 X5.4030 Y47.2157 I-17.5699 J-9.0570 F360.000
G03 X5.1358 Y47.5260 I-0.5467 J-0.2005 F360.000
G02 X5.0371 Y48.0694 I0.8565 J0.4362 F360.000
G03 X4.9114 Y48.3530 I-0.2981 J0.0376 F360.000
G02 X4.7722 Y48.6254 I0.0834 J0.2144 F360.000
G03 X4.5951 Y48.7876 I-0.1862 J-0.0255 F360.000
G02 X4.4942 Y49.1621 I0.5706 J0.3547 F360.000
G03 X4.3303 Y49.3135 I-0.2057 J-0.0583 F360.000
G02 X4.2293 Y49.8378 I1.1371 J0.4908 F360.000
G03 X4.0561 Y50.0329 I-0.1901 J0.0057 F360.000
G02 X3.9587 Y50.3389 I0.5234 J0.3351 F360.000
G03 X3.8005 Y50.4529 I-0.2100 J-0.1246 F360.000
G02 X3.7010 Y50.9846 I1.1469 J0.4898 F360.000
G03 X3.5525 Y51.0935 I-0.1014 J0.0175 F360.000
G02 X3.4542 Y51.5995 I0.6227 J0.3835 F360.000
G03 X3.3436 Y52.0737 I-0.7274 J0.0803 F360.000
G02 X3.1897 Y52.3912 I0.1160 J0.2522 F360.000
G03 X3.0573 Y52.7018 I-0.2827 J0.0630 F360.000
G02 X2.9249 Y53.1160 I0.2929 J0.3219 F360.000
G03 X2.7924 Y53.5301 I-0.4253 J0.0923 F360.000
G02 X2.6600 Y53.9382 I0.2834 J0.3175 F360.000
G03 X2.5168 Y54.4166 I-0.5725 J0.0892 F360.000
G02 X2.3855 Y54.9479 I0.6289 J0.4373 F360.000
G03 X2.2089 Y55.3479 I-0.7102 J-0.0746 F360.000
G02 X1.9697 Y57.1206 I8.6613 J2.0710 F360.000
G02 X2.0206 Y64.3268 I54.1766 J3.2206 F360.000
G02 X2.3382 Y66.3763 I106.9307 J-15.5206 F360.000
G02 X2.5777 Y67.0855 I1.2223 J-0.0178 F360.000
G03 X2.6799 Y67.6573 I-1.4964 J0.5626 F360.000
G02 X2.8532 Y67.9343 I0.4128 J-0.0655 F360.000
G03 X2.9505 Y68.4188 I-1.5637 J0.5663 F360.000
G02 X3.1180 Y68.5735 I0.2053 J-0.0543 F360.000
G03 X3.2147 Y68.9549 I-0.8540 J0.4195 F360.000
G02 X3.3662 Y69.0055 I0.0958 J-0.0348 F360.000
G03 X3.4577 Y69.3965 I-0.3737 J0.2937 F360.000
G02 X3.6300 Y69.8041 I0.4765 J0.0389 F360.000
G02 X4.0562 Y70.7429 I30.7324 J-13.3881 F360.000
G03 X4.2113 Y70.8828 I-0.9649 J1.2252 F360.000
G02 X4.3120 Y71.3196 I2.4046 J-0.3248 F360.000
G03 X4.4884 Y71.5491 I-0.2669 J0.3877 F360.000
G02 X4.5676 Y71.8981 I0.8258 J-0.0038 F360.000
G03 X4.7256 Y71.9207 I-0.9435 J7.1427 F360.000
G03 X4.8110 Y72.2821 I-1.2259 J0.4803 F360.000
G02 X4.9895 Y72.4050 I0.2124 J-0.1175 F360.000
G03 X5.0982 Y72.6554 I-989.2215 J429.5373 F360.000
G03 X5.2698 Y72.7464 I-0.0350 J0.2736 F360.000
G02 X5.3551 Y73.0497 I1.9344 J-0.3802 F360.000
G03 X5.5192 Y73.1498 I-1.0467 J1.9005 F360.000
G03 X5.6200 Y73.5549 I-8.8097 J2.4059 F360.000
G02 X5.7841 Y73.6483 I0.2640 J-0.2729 F360.000
G03 X5.8783 Y73.8944 I-0.5927 J0.3679 F360.000
G02 X6.3169 Y74.4058 I30.4659 J-25.6865 F360.000
G02 X6.4322 Y74.6890 I1.1577 J-0.3060 F360.000
G03 X6.8340 Y75.0210 I-80.1472 J97.4143 F360.000
G02 X6.9791 Y75.3187 I7.1015 J-3.2777 F360.000
G03 X7.9724 Y76.6405 I-4.0186 J4.0539 F360.000
G03 X8.4398 Y77.4980 I-2.3738 J1.8500 F360.000
G03 X8.2491 Y78.8581 I-2.7372 J0.3097 F360.000
G03 X6.3952 Y80.2360 I-6.4501 J-6.7421 F360.000
G02 X6.2339 Y80.2905 I0.0544 J0.4264 F360.000
G01 Z-1.0000 F70.000
G02 X6.9272 Y79.9169 I-0.5130 J-1.7819 F360.000
G02 X8.2603 Y78.8401 I-3.6023 J-5.8230 F360.000
G02 X8.4178 Y77.4085 I-2.5235 J-1.0021 F360.000
G02 X7.9098 Y76.5433 I-4.7202 J2.1895 F360.000
G02 X6.9660 Y75.3004 I-4.7587 J2.6338 F360.000
G02 X6.8201 Y75.0055 I-1.6925 J0.6537 F360.000
G03 X6.4322 Y74.6890 I1.9458 J-2.7814 F360.000
G03 X6.3169 Y74.4058 I1.9735 J-0.9680 F360.000
G02 X5.8897 Y73.9142 I-58.7995 J50.6625 F360.000
G02 X5.8065 Y73.6733 I-38.7087 J13.2444 F360.000
G02 X5.6279 Y73.5673 I-1.5857 J2.4673 F360.000
G03 X5.5272 Y73.1622 I8.8540 J-2.4169 F360.000
G02 X5.3631 Y73.0596 I-0.4127 J0.4777 F360.000
G03 X5.2623 Y72.7355 I5.8370 J-1.9922 F360.000
G03 X5.0828 Y72.6399 I2.4875 J-4.8869 F360.000
G02 X4.9975 Y72.4124 I-1.1648 J0.3070 F360.000
G03 X4.8333 Y72.3236 I0.1763 J-0.5219 F360.000
G03 X4.7409 Y71.9395 I6.4729 J-1.7603 F360.000
G02 X4.5943 Y71.9143 I-0.0899 J0.0841 F360.000
G03 X4.5073 Y71.6292 I0.2150 J-0.2214 F360.000
G02 X4.3209 Y71.3336 I-0.3955 J0.0428 F360.000
G03 X4.2230 Y70.9102 I1.1371 J-0.4859 F360.000
G02 X4.0972 Y70.7949 I-0.1589 J0.0471 F360.000
G03 X3.6895 Y69.9121 I4.3216 J-2.5315 F360.000
G03 X3.4918 Y69.6010 I1.9511 J-1.4580 F360.000
G02 X3.4179 Y69.0640 I-11.7669 J1.3455 F360.000
G02 X3.2698 Y69.0148 I-0.0956 J0.0403 F360.000
G03 X3.1830 Y68.7253 I0.2275 J-0.2260 F360.000
G02 X3.0059 Y68.5198 I-0.2043 J-0.0029 F360.000
G03 X2.9050 Y68.0696 I0.8019 J-0.4162 F360.000
G02 X2.7317 Y67.8038 I-0.4408 J0.0980 F360.000
G03 X2.6310 Y67.2294 I1.9352 J-0.6355 F360.000
G02 X2.4544 Y66.8790 I-1.8579 J0.7167 F360.000
G03 X2.1633 Y65.3281 I16.1105 J-3.8271 F360.000
G03 X1.8828 Y61.4542 I23.2622 J-3.6313 F360.000
G03 X2.0489 Y56.1974 I46.7755 J-1.1533 F360.000
G03 X2.2089 Y55.3479 I3.3049 J0.1825 F360.000
G02 X2.4056 Y54.6745 I-0.7891 J-0.5960 F360.000
G03 X2.5790 Y54.3532 I0.4288 J0.0240 F360.000
G02 X2.6799 Y53.7237 I-1.8479 J-0.6191 F360.000
G03 X2.8439 Y53.4975 I0.2277 J-0.0075 F360.000
G02 X2.9448 Y52.8982 I-1.4918 J-0.5594 F360.000
G03 X3.1087 Y52.6773 I0.2022 J-0.0212 F360.000
G02 X3.2097 Y52.2279 I-0.8307 J-0.4226 F360.000
G03 X3.3639 Y52.0537 I0.2034 J0.0248 F360.000
G02 X3.4678 Y51.3076 I-1.7935 J-0.6300 F360.000
G03 X3.5635 Y51.0915 I0.2189 J-0.0323 F360.000
G02 X3.7010 Y50.9846 I0.0413 J-0.0887 F360.000
G03 X3.7823 Y50.4793 I1.4534 J-0.0253 F360.000
G03 X3.9380 Y50.3739 I1.9052 J2.6457 F360.000
G02 X4.0233 Y50.0705 I-5.5822 J-1.7333 F360.000
G03 X4.1682 Y49.9811 I0.2328 J0.2151 F360.000
G02 X4.2692 Y49.4568 I-1.1376 J-0.4909 F360.000
G03 X4.4424 Y49.2559 I0.2054 J0.0020 F360.000
G02 X4.5398 Y48.8734 I-0.8216 J-0.4128 F360.000
G03 X4.7073 Y48.7440 I0.1860 J0.0676 F360.000
G02 X4.8046 Y48.4380 I-0.5239 J-0.3352 F360.000
G03 X4.9532 Y48.3318 I0.1743 J0.0868 F360.000
G02 X5.0551 Y47.7489 I-1.0744 J-0.4882 F360.000
G03 X5.1358 Y47.5260 I0.3287 J-0.0070 F360.000
G02 X5.4946 Y47.0433 I-0.5726 J-0.8003 F360.000
G02 X5.8198 Y46.3711 I-1.6707 J-1.2231 F360.000
G03 X5.9013 Y45.9149 I1.0803 J-0.0425 F360.000
G03 X6.0570 Y45.8305 I0.6328 J0.9810 F360.000
G02 X6.1422 Y45.6030 I-3.2968 J-1.3658 F360.000
G02 X6.3293 Y45.4831 I-0.1782 J-0.4840 F360.000
G03 X6.4146 Y45.0905 I5.1282 J0.9085 F360.000
G02 X6.6011 Y44.8690 I-1.8073 J-1.7107 F360.000
G03 X6.6795 Y44.5705 I1.1916 J0.1533 F360.000
G03 X6.8436 Y44.4818 I1.2167 J2.0573 F360.000
G02 X6.9443 Y44.1578 I-5.8398 J-1.9931 F360.000
G02 X7.1085 Y44.0577 I-1.0514 J-1.9081 F360.000
G02 X7.2092 Y43.6526 I-8.8700 J-2.4210 F360.000
G03 X7.3733 Y43.5500 I0.4129 J0.4779 F360.000
G02 X7.4741 Y43.2259 I-5.8467 J-1.9953 F360.000
G02 X7.6536 Y43.1303 I-2.4807 J-4.8740 F360.000
G03 X7.7389 Y42.9028 I1.1647 J0.3070 F360.000
G02 X7.9263 Y42.8199 I-0.3805 J-1.1143 F360.000
G03 X8.3040 Y42.2577 I1.0815 J0.3185 F360.000
G02 X8.5206 Y41.8118 I-0.6636 J-0.5979 F360.000
G03 X9.0504 Y41.2011 I7.1233 J5.6439 F360.000
G03 X10.1104 Y40.0526 I5.6474 J4.1488 F360.000
G03 X11.5727 Y38.7443 I28.2530 J30.1065 F360.000
G03 X13.1457 Y37.3984 I6.5730 J6.0899 F360.000
G02 X15.5348 Y35.5287 I-69.9233 J-91.8104 F360.000
G03 X16.6901 Y34.7930 I3.1498 J3.6716 F360.000
G02 X16.8064 Y34.7705 I0.0170 J-0.2240 F360.000
G01 X16.8138 Y34.7592 F360.000
G01 X16.8120 Y34.7460 F360.000
G03 X16.7870 Y34.7136 I0.0701 J-0.0798 F360.000
G03 X17.3729 Y34.1817 I1.2247 J0.7602 F360.000
G02 X17.8094 Y33.8432 I-0.0712 J-0.5425 F360.000
G01 X17.8051 Y33.8290 F360.000
G03 X17.7794 Y33.7975 I0.0462 J-0.0639 F360.000
G01 X17.7811 Y33.7840 F360.000
G02 X18.1170 Y33.6811 I-0.2167 J-1.3067 F360.000
G03 X18.5380 Y33.3795 I1.3106 J1.3849 F360.000
G02 X18.9039 Y33.3041 I-1.0385 J-5.9661 F360.000
G02 X18.9464 Y33.2673 I-0.0381 J-0.0870 F360.000
G03 X19.3442 Y33.0086 I0.5686 J0.4390 F360.000
G02 X20.0835 Y32.5748 I-1.9730 J-4.2098 F360.000
G03 X20.5062 Y32.4715 I4.5198 J17.5829 F360.000
G02 X20.5418 Y32.4196 I-0.0289 J-0.0580 F360.000
G03 X21.9532 Y31.7965 I4.3848 J8.0223 F360.000
G02 X22.3897 Y31.5672 I-0.6027 J-1.6778 F360.000
G03 X22.6696 Y31.4703 I0.2213 J0.1865 F360.000
G02 X23.1167 Y31.2758 I-0.1469 J-0.9487 F360.000
G03 X25.6603 Y30.2104 I5.5597 J9.7050 F360.000
G03 X29.8212 Y28.6449 I91.7068 J237.4260 F360.000
G03 X30.6405 Y28.4729 I6.2324 J27.6546 F360.000
G03 X34.6026 Y27.6656 I9.9917 J38.9124 F360.000
G03 X37.4612 Y27.1921 I5.2983 J23.1198 F360.000
G03 X40.9653 Y26.8020 I9.5913 J70.2154 F360.000
G03 X43.7050 Y26.4735 I10.6766 J77.4568 F360.000
G03 X52.0181 Y26.4193 I5.4199 J193.5551 F360.000
G03 X54.3266 Y26.5419 I0.3527 J15.1434 F360.000
G02 X55.4130 Y26.6153 I0.6787 J-1.9711 F360.000
G03 X56.8749 Y26.5750 I0.8521 J4.3759 F360.000
G02 X58.9027 Y26.1629 I-0.0766 J-5.5723 F360.000
G02 X59.6643 Y25.3647 I-1.8359 J-2.5142 F360.000
G02 X60.0364 Y24.7799 I-1.6725 J-1.4749 F360.000
G02 X60.2229 Y24.7079 I-0.1411 J-0.6432 F360.000
G02 X60.3082 Y24.4804 I-3.2944 J-1.3649 F360.000
G02 X60.4952 Y24.3740 I-0.3379 J-0.8113 F360.000
G03 X60.5805 Y24.0706 I1.9302 J0.3791 F360.000
G02 X60.7601 Y23.9750 I-2.4879 J-4.8877 F360.000
G03 X60.8470 Y23.7334 I1.7762 J0.5021 F360.000
G02 X61.4101 Y23.1966 I-0.7485 J-1.3492 F360.000
G03 X61.8170 Y22.8416 I0.9021 J0.6230 F360.000
G03 X61.9128 Y22.5076 I2.3916 J0.5058 F360.000
G02 X62.0770 Y22.4175 I-0.2160 J-0.5880 F360.000
G02 X62.1623 Y22.1142 I-5.5770 J-1.7318 F360.000
G03 X62.3493 Y22.0064 I0.5726 J0.7779 F360.000
G03 X62.4810 Y21.6948 I1.0570 J0.2629 F360.000
G02 X62.8883 Y21.2409 I-2.0894 J-2.2847 F360.000
G03 X62.9643 Y21.0507 I0.3821 J0.0425 F360.000
G02 X63.1508 Y20.9635 I-0.1112 J-0.4810 F360.000
G03 X63.2372 Y20.7373 I0.5432 J0.0778 F360.000
G02 X63.4220 Y20.6435 I-0.0523 J-0.3320 F360.000
G03 X63.5105 Y20.4200 I0.3691 J0.0168 F360.000
G02 X63.6926 Y20.2984 I-0.0040 J-0.2033 F360.000
G03 X63.7754 Y20.0136 I0.5227 J-0.0026 F360.000
G02 X63.9392 Y19.9140 I-0.0454 J-0.2592 F360.000
G02 X64.0063 Y19.5929 I-2.2550 J-0.6393 F360.000
G01 X64.0196 Y19.5906 F360.000
G03 X64.2023 Y19.7636 I-19.5259 J20.8105 F360.000
G01 X64.2152 Y19.7653 F360.000
G01 X64.2249 Y19.7584 F360.000
G03 X64.5907 Y19.1541 I0.7804 J0.0595 F360.000
G02 X64.7977 Y18.7134 I-0.4811 J-0.4950 F360.000
G03 X64.9980 Y18.5975 I0.3470 J0.3688 F360.000
G03 X65.1297 Y18.3512 I0.6338 J0.1804 F360.000
G02 X65.5154 Y18.0433 I-1.2605 J-1.9747 F360.000
G03 X65.6626 Y17.7675 I0.8978 J0.3020 F360.000
G02 X66.3015 Y17.1940 I-14.8174 J-17.1512 F360.000
G02 X66.4002 Y17.0215 I-1.3059 J-0.8614 F360.000
G02 X66.5872 Y17.0293 I0.1107 J-0.4092 F360.000
G02 X66.6581 Y16.8292 I-5.9028 J-2.2038 F360.000
G03 X66.8521 Y16.7270 I0.9685 J1.6041 F360.000
G03 X66.9385 Y16.4854 I1.8704 J0.5323 F360.000
G02 X67.3414 Y16.0168 I-0.3950 J-0.7472 F360.000
G02 X68.0070 Y15.0825 I-18.1006 J-13.5982 F360.000
G03 X69.5332 Y12.9981 I29.6594 J20.1154 F360.000
G03 X70.8313 Y11.4834 I11.1582 J8.2493 F360.000
G03 X71.0881 Y11.2561 I4.5114 J4.8394 F360.000
G03 X71.2469 Y10.9049 I0.9972 J0.2392 F360.000
G02 X72.7135 Y8.9608 I-8.5150 J-7.9486 F360.000
G03 X73.5538 Y7.8113 I5.5467 J3.1730 F360.000
G02 X75.1582 Y5.4306 I-107.8475 J-74.4127 F360.000
G02 X75.6157 Y4.8949 I-7.5011 J-6.8700 F360.000
G03 X75.9162 Y4.3624 I1.9507 J0.7495 F360.000
G02 X76.4003 Y3.8574 I-2.5353 J-2.9152 F360.000
G03 X76.6839 Y3.3496 I2.8387 J1.2523 F360.000
G02 X77.0518 Y2.9959 I-2.0074 J-2.4561 F360.000
G03 X77.4605 Y2.4797 I0.9381 J0.3229 F360.000
G02 X78.3405 Y1.5003 I-3.2430 J-3.7990 F360.000
G03 X80.1604 Y0.1887 I3.8938 J3.4846 F360.000
G02 X80.2804 Y0.0657 I-0.1006 J-0.2181 F360.000
G03 X81.7386 Y0.0197 I0.8964 J5.2802 F360.000
G03 X82.8489 Y0.1967 I0.0853 J3.0365 F360.000
G03 X83.7567 Y0.6973 I-3.0007 J6.5138 F360.000
G03 X83.9651 Y0.8045 I0.0038 J0.2489 F360.000
G02 X84.3034 Y1.1772 I0.4930 J-0.1075 F360.000
G03 X84.5368 Y1.5054 I-0.2316 J0.4118 F360.000
G02 X84.7308 Y1.5907 I1.2136 J-2.4963 F360.000
G02 X84.8624 Y1.8370 I0.6340 J-0.1806 F360.000
G03 X85.2355 Y2.1564 I-0.8821 J1.4076 F360.000
G02 X85.3699 Y2.5255 I13.7986 J-4.8181 F360.000
G02 X85.8942 Y3.0723 I1.8638 J-1.2623 F360.000
G03 X86.3596 Y3.7419 I-0.8194 J1.0660 F360.000
G02 X86.6526 Y4.0973 I0.9037 J-0.4466 F360.000
G03 X86.6662 Y4.3084 I-0.1237 J0.1140 F360.000
G02 X86.8127 Y4.3706 I0.3923 J-0.7198 F360.000
G03 X86.9042 Y4.6362 I-0.2949 J0.2502 F360.000
G02 X87.1772 Y4.7759 I0.2352 J-0.1231 F360.000
G03 X87.4597 Y5.0571 I-0.1795 J0.4627 F360.000
G02 X88.2402 Y5.5930 I1.1664 J-0.8625 F360.000
G03 X88.3506 Y5.7102 I-0.0122 J0.1221 F360.000
G02 X88.8926 Y5.8052 I0.4292 J-0.8552 F360.000
G03 X89.2702 Y5.9263 I-0.0348 J0.7578 F360.000
G02 X92.4533 Y5.9262 I1.5915 J-16.1784 F360.000
G03 X93.1397 Y5.7900 I0.5613 J1.0307 F360.000
G02 X93.3728 Y5.7225 I0.0028 J-0.4267 F360.000
G01 X93.3780 Y5.7081 F360.000
G01 X93.4017 Y5.6892 F360.000
G03 X95.7551 Y5.6048 I1.7124 J14.8909 F360.000
G03 X96.7131 Y5.6705 I0.1663 J4.5940 F360.000
G01 X96.7516 Y5.6890 F360.000
G02 X97.2038 Y5.8067 I0.3774 J-0.5224 F360.000
G03 X98.6748 Y6.5283 I-1.2405 J4.3888 F360.000
G03 X99.6797 Y7.4533 I-1.9361 J3.1118 F360.000
G03 X99.7497 Y7.7361 I-1.4185 J0.5013 F360.000
G02 X99.9000 Y7.9683 I0.4516 J-0.1276 F360.000
G03 X99.9750 Y10.0326 I-7.9062 J1.3210 F360.000
G03 X99.7584 Y10.4764 I-0.4646 J0.0480 F360.000
G02 X99.1983 Y11.1466 I1.2002 J1.5720 F360.000
G03 X98.9753 Y11.3109 I-0.2980 J-0.1711 F360.000
G03 X98.5430 Y11.8374 I-0.9620 J-0.3491 F360.000
G02 X95.3478 Y14.7413 I152.0637 J170.5292 F360.000
G02 X93.1131 Y16.7332 I20.2328 J24.9485 F360.000
G02 X91.8913 Y17.9439 I177.5551 J180.3956 F360.000
G03 X89.8736 Y19.8791 I-12.4605 J-10.9726 F360.000
G03 X87.4792 Y21.9027 I-370.7312 J-436.2390 F360.000
G02 X86.4419 Y22.9175 I62.0352 J64.4431 F360.000
G02 X85.5833 Y23.7504 I4.8975 J5.9075 F360.000
G02 X84.5801 Y24.6236 I14.6786 J17.8768 F360.000
G03 X84.1244 Y25.1325 I-1.2071 J-0.6226 F360.000
G02 X82.6477 Y26.3549 I16.5912 J21.5456 F360.000
G02 X80.8698 Y27.8294 I117.3071 J143.2510 F360.000
G03 X80.7327 Y28.0169 I-1.1943 J-0.7293 F360.000
G02 X80.2746 Y28.3654 I1.5036 J2.4520 F360.000
G03 X79.6101 Y28.9756 I-2.0657 J-1.5827 F360.000
G02 X79.1803 Y29.4160 I0.6651 J1.0790 F360.000
G03 X78.5987 Y30.0381 I-8.1044 J-6.9945 F360.000
G02 X78.3808 Y30.5696 I0.7141 J0.6031 F360.000
G03 X78.2116 Y30.7477 I-0.2969 J-0.1127 F360.000
G02 X78.2620 Y31.2950 I0.3867 J0.2403 F360.000
G02 X79.6505 Y31.8819 I1.2147 J-0.9378 F360.000
G02 X79.7313 Y31.8178 I-0.0236 J-0.1127 F360.000
G03 X79.9809 Y31.6799 I0.1961 J0.0602 F360.000
G02 X80.8649 Y31.4078 I-0.9787 J-4.7523 F360.000
G03 X82.6166 Y31.3575 I0.9735 J3.3748 F360.000
G03 X82.9272 Y31.9142 I-0.2666 J0.5137 F360.000
G02 X83.0893 Y32.2045 I0.5214 J-0.1008 F360.000
G03 X83.0776 Y33.1248 I-2.1796 J0.4325 F360.000
G03 X82.8381 Y33.9147 I-2.1989 J-0.2357 F360.000
G01 X82.8033 Y33.9487 F360.000
G02 X82.6511 Y34.2458 I0.1086 J0.2431 F360.000
G03 X82.5557 Y34.5807 I-0.3811 J0.0725 F360.000
G02 X82.4107 Y34.8899 I0.1821 J0.2739 F360.000
G03 X82.1833 Y35.2337 I-0.3728 J0.0006 F360.000
G02 X82.0821 Y35.5589 I1.4916 J0.6425 F360.000
G02 X81.8950 Y35.6780 I2.9966 J4.9116 F360.000
G03 X81.8097 Y35.9813 I-1.9302 J-0.3791 F360.000
G03 X81.6621 Y36.0430 I-0.1311 J-0.1065 F360.000
G02 X81.6629 Y36.3977 I0.1694 J0.1770 F360.000
G02 X81.9954 Y36.6616 I1.1611 J-1.1215 F360.000
G03 X82.1466 Y36.9072 I-0.2244 J0.3076 F360.000
G02 X82.2534 Y36.9114 I0.0567 J-0.0814 F360.000
G01 X82.2709 Y36.9107 F360.000
G03 X82.4156 Y37.6985 I-1.5334 J0.6888 F360.000
G03 X82.3952 Y38.3611 I-13.4654 J-0.0817 F360.000
G02 X82.6379 Y38.5889 I0.3973 J-0.1801 F360.000
G01 X82.6427 Y38.5982 F360.000
G01 X82.6355 Y38.6086 F360.000
G02 X82.4063 Y38.8366 I-0.0327 J0.1963 F360.000
G03 X82.3231 Y39.5965 I-3.3720 J0.0152 F360.000
G03 X82.1674 Y39.8082 I-1.6889 J-1.0787 F360.000
G03 X82.0746 Y40.2272 I-5.6415 J-1.0293 F360.000
G02 X81.8881 Y40.4477 I1.5572 J1.5065 F360.000
G03 X81.4355 Y41.5413 I-2.6211 J-0.4444 F360.000
G02 X80.8249 Y42.6667 I83.0080 J45.7621 F360.000
G03 X80.7423 Y42.9384 I-0.4709 J0.0052 F360.000
G02 X80.5707 Y43.0295 I0.0363 J0.2753 F360.000
G03 X80.4854 Y43.3329 I-1.9296 J-0.3789 F360.000
G02 X80.3058 Y43.4285 I2.4807 J4.8740 F360.000
G03 X80.2205 Y43.6560 I-1.1647 J-0.3070 F360.000
G02 X80.0564 Y43.7436 I0.1901 J0.5537 F360.000
G02 X79.9574 Y44.1611 I4.6900 J1.3326 F360.000
G02 X79.7910 Y44.2929 I0.5610 J0.8791 F360.000
G02 X79.1309 Y45.3886 I5.2861 J3.9311 F360.000
G03 X78.4823 Y46.3336 I-11.2823 J-7.0489 F360.000
G02 X78.3739 Y46.6477 I9.4793 J3.4469 F360.000
G02 X78.1800 Y46.7434 I1.0531 J2.3797 F360.000
G02 X78.0975 Y47.0194 I0.9324 J0.4291 F360.000
G03 X77.7176 Y47.5238 I-0.9200 J-0.2977 F360.000
G02 X77.6078 Y47.8121 I0.2032 J0.2424 F360.000
G03 X77.4344 Y47.9587 I-0.1807 J-0.0378 F360.000
G02 X77.3335 Y48.3340 I0.5468 J0.3483 F360.000
G03 X77.1695 Y48.5617 I-0.4050 J-0.1186 F360.000
G02 X77.0705 Y49.1526 I1.4610 J0.5487 F360.000
G03 X76.8725 Y49.7341 I-4.0580 J-1.0569 F360.000
G03 X76.6730 Y50.7232 I-5.9232 J-0.6799 F360.000
G02 X75.8143 Y53.0128 I17.3679 J7.8198 F360.000
G03 X74.6010 Y56.0234 I-20.0544 J-6.3323 F360.000
G03 X73.6828 Y57.7914 I-59.2185 J-29.6320 F360.000
G02 X73.1951 Y58.7620 I4.0873 J2.6618 F360.000
G03 X70.0588 Y63.8995 I-47.6402 J-25.5568 F360.000
G03 X69.4881 Y64.6196 I-4.6625 J-3.1087 F360.000
G03 X68.2353 Y66.4810 I-48.1208 J-31.0340 F360.000
G03 X67.9907 Y66.7330 I-51.1173 J-49.3872 F360.000
G03 X67.9041 Y67.0462 I-1.5100 J-0.2487 F360.000
G02 X67.7245 Y67.1397 I1.2233 J2.5674 F360.000
G03 X67.6393 Y67.3672 I-1.1654 J-0.3072 F360.000
G02 X67.4528 Y67.4704 I0.1065 J0.4126 F360.000
G03 X67.3121 Y67.8348 I-0.8109 J-0.1038 F360.000
G02 X66.9309 Y68.2688 I1.7170 J1.8926 F360.000
G03 X66.8132 Y68.5695 I-0.9200 J-0.1865 F360.000
G02 X66.4252 Y69.0009 I5.4827 J5.3208 F360.000
G03 X66.3100 Y69.2876 I-18.6408 J-7.3256 F360.000
G03 X65.8828 Y69.6409 I-3.0158 J-3.2117 F360.000
G03 X65.7537 Y69.8557 I-0.6508 J-0.2450 F360.000
G02 X65.3315 Y70.1947 I1.1736 J1.8944 F360.000
G03 X64.9017 Y70.7357 I-0.9618 J-0.3229 F360.000
G02 X64.1685 Y71.5034 I16.9619 J16.9351 F360.000
G02 X64.0026 Y71.6008 I0.1287 J0.4091 F360.000
G03 X63.9231 Y71.8270 I-0.4421 J-0.0283 F360.000
G02 X63.7382 Y71.9208 I0.0523 J0.3320 F360.000
G03 X63.6498 Y72.1443 I-0.3691 J-0.0168 F360.000
G02 X63.4477 Y72.2794 I0.0054 J0.2268 F360.000
G03 X62.7123 Y72.9481 I-2.2705 J-1.7583 F360.000
G02 X62.2721 Y73.3902 I0.9314 J1.3673 F360.000
G02 X60.6701 Y74.7910 I1211.5023 J1387.1933 F360.000
G03 X60.4563 Y75.0441 I-4.6104 J-3.6764 F360.000
G02 X60.0100 Y75.3964 I0.6682 J1.3055 F360.000
G03 X59.5807 Y75.8053 I-0.9198 J-0.5357 F360.000
G02 X55.1581 Y79.2677 I35.6044 J50.0349 F360.000
G02 X53.5239 Y81.6358 I9.9423 J8.6090 F360.000
G03 X53.3164 Y82.0813 I-0.8746 J-0.1362 F360.000
G02 X52.5045 Y84.1726 I10.1692 J5.1514 F360.000
G02 X52.0567 Y85.2010 I33.7829 J15.3212 F360.000
G03 X50.9965 Y88.0615 I-24.8685 J-7.5912 F360.000
G03 X49.7523 Y90.0110 I-32.8011 J-19.5622 F360.000
G03 X49.5828 Y90.1217 I-0.7714 J-0.9954 F360.000
G02 X49.4823 Y90.4754 I160.2173 J45.7141 F360.000
G03 X48.7920 Y91.3974 I-8.1084 J-5.3517 F360.000
G03 X48.1680 Y92.2155 I-3.4713 J-2.0007 F360.000
G02 X47.9139 Y92.6366 I0.9703 J0.8726 F360.000
G02 X47.7327 Y92.7254 I0.0451 J0.3213 F360.000
G02 X47.6569 Y92.9959 I0.7874 J0.3665 F360.000
G03 X46.9567 Y93.5745 I-1.5179 J-1.1239 F360.000
G02 X46.5520 Y93.9877 I0.4038 J0.8004 F360.000
G03 X45.6410 Y94.7184 I-2.0634 J-1.6393 F360.000
G03 X43.2006 Y96.5379 I-77.4722 J-101.3640 F360.000
G03 X43.0701 Y96.6076 I-0.3762 J-0.5472 F360.000
G01 X43.0527 Y96.6033 F360.000
G01 X43.0506 Y96.5850 F360.000
G01 X43.0445 Y96.5713 F360.000
G01 X43.0344 Y96.5622 F360.000
G02 X42.7391 Y96.8299 I0.0233 J0.3225 F360.000
G01 X42.7477 Y96.8430 F360.000
G01 X42.7526 Y96.8553 F360.000
G01 X42.7527 Y96.8669 F360.000
G03 X42.4848 Y96.9545 I-0.4337 J-0.8729 F360.000
G03 X42.0195 Y97.2884 I-7.0705 J-9.3602 F360.000
G03 X41.7236 Y97.3597 I-1.6087 J-6.0315 F360.000
G02 X41.2826 Y97.6702 I1.7939 J3.0165 F360.000
G03 X40.8706 Y97.7731 I-0.6876 J-1.8765 F360.000
G02 X40.7979 Y97.8630 I0.0300 J0.0986 F360.000
G03 X40.4150 Y97.9614 I-0.3173 J-0.4406 F360.000
G02 X40.2751 Y98.0366 I0.0133 J0.1925 F360.000
G01 X40.2716 Y98.0533 F360.000
G01 X40.2681 Y98.0701 F360.000
G03 X39.8853 Y98.1657 I-0.3094 J-0.4246 F360.000
G02 X39.7453 Y98.2225 I0.0049 J0.2127 F360.000
G03 X39.3114 Y98.4575 I-0.5783 J-0.5499 F360.000
G03 X37.6471 Y98.9827 I-4.1311 J-10.1905 F360.000
G02 X36.7112 Y99.2604 I0.4063 J3.0854 F360.000
G03 X35.4820 Y99.4180 I-1.1653 J-4.2171 F360.000
G02 X35.2410 Y99.4875 I-0.0174 J0.3920 F360.000
G01 X35.2354 Y99.5033 F360.000
G03 X33.8535 Y99.6483 I-1.2916 J-5.6505 F360.000
G02 X31.3033 Y99.9394 I2.4613 J32.8762 F360.000
G03 X27.4143 Y99.9845 I-2.4501 J-43.5955 F360.000
G03 X23.2521 Y99.8557 I-0.3170 J-57.0750 F360.000
G03 X22.2988 Y99.6688 I0.4609 J-4.8744 F360.000
G02 X20.6154 Y99.4941 I-2.3891 J14.8232 F360.000
G03 X19.0070 Y99.1464 I0.2302 J-4.9589 F360.000
G02 X17.9498 Y98.9652 I-1.0205 J2.7797 F360.000
G03 X17.7638 Y98.8984 I0.0032 J-0.3014 F360.000
G01 X17.7576 Y98.8817 F360.000
G01 X17.7542 Y98.8649 F360.000
G02 X17.3904 Y98.7675 I-0.2966 J0.3796 F360.000
G03 X16.2714 Y98.3951 I3.1225 J-11.2495 F360.000
G03 X15.9412 Y98.3214 I0.0269 J-0.8973 F360.000
G02 X15.8452 Y98.1873 I-0.2637 J0.0873 F360.000
G03 X15.5285 Y98.1008 I0.0792 J-0.9135 F360.000
G02 X15.2159 Y97.9457 I-0.2447 J0.1005 F360.000
G03 X14.3121 Y97.4373 I0.8614 J-2.5888 F360.000
G03 X13.8292 Y97.1690 I1.4124 J-3.1114 F360.000
G03 X12.1164 Y95.8373 I15.6107 J-21.8456 F360.000
G02 X12.0245 Y95.7090 I-0.6447 J0.3646 F360.000
G03 X11.6955 Y95.6228 I0.2654 J-1.6836 F360.000
G03 X11.6482 Y95.4104 I0.9595 J-0.3251 F360.000
G02 X11.1741 Y94.9484 I-1.3277 J0.8882 F360.000
G03 X10.7929 Y94.4622 I1.2145 J-1.3447 F360.000
G03 X10.1732 Y93.6456 I2.2405 J-2.3439 F360.000
G03 X9.5602 Y92.5989 I3.7833 J-2.9183 F360.000
G02 X9.4411 Y92.3590 I-0.2254 J-0.0375 F360.000
G03 X9.2668 Y92.0483 I0.2248 J-0.3303 F360.000
G02 X8.8264 Y90.9566 I-2.9478 J0.5545 F360.000
G02 X8.6801 Y90.5781 I-1.9018 J0.5176 F360.000
G02 X8.1784 Y90.2024 I-1.1983 J1.0775 F360.000
G02 X6.0124 Y88.9563 I-16.2478 J25.7380 F360.000
G03 X5.8164 Y88.6841 I0.1496 J-0.3143 F360.000
G02 X5.5748 Y88.5687 I-1.0957 J1.9839 F360.000
G02 X4.4097 Y87.8238 I-18.8297 J28.1712 F360.000
G03 X4.2381 Y87.5774 I0.0339 J-0.2065 F360.000
G02 X4.0723 Y87.5115 I-0.1084 J0.0312 F360.000
G03 X3.7243 Y87.3816 I-0.0908 J-0.2879 F360.000
G02 X3.3912 Y87.1097 I-0.3406 J0.0772 F360.000
G03 X3.1601 Y86.8503 I0.0773 J-0.3015 F360.000
G02 X2.7528 Y86.6497 I-0.6570 J0.8201 F360.000
G03 X2.6401 Y86.4917 I0.0690 J-0.1685 F360.000
G02 X1.6305 Y85.5551 I-4.5404 J3.8819 F360.000
G03 X1.3333 Y85.1875 I0.4125 J-0.6374 F360.000
G02 X0.7567 Y84.7774 I-0.6893 J0.3589 F360.000
G03 X0.5342 Y84.3939 I0.5807 J-0.5932 F360.000
G02 X0.1693 Y84.0262 I-0.9057 J0.5339 F360.000
G03 X0.0957 Y83.1910 I0.5752 J-0.4715 F360.000
G03 X0.3011 Y83.1316 I0.2963 J0.6392 F360.000
G02 X0.4107 Y83.0312 I-0.0150 J-0.1263 F360.000
G03 X1.1656 Y82.9330 I0.5809 J1.5154 F360.000
G02 X1.6084 Y82.8189 I0.0916 J-0.5606 F360.000
G03 X1.6297 Y82.7322 I0.1524 J-0.0086 F360.000
G01 X1.6407 Y82.7340 F360.000
G02 X1.8031 Y82.8521 I0.1458 J-0.0298 F360.000
G02 X2.3326 Y82.5604 I-60.7867 J-110.9722 F360.000
G03 X2.7846 Y82.5146 I0.4664 J2.3502 F360.000
G03 X3.3473 Y82.1318 I3.4327 J4.4413 F360.000
G02 X3.9902 Y81.7929 I-0.2647 J-1.2814 F360.000
G03 X4.7803 Y81.2792 I1.7357 J1.8049 F360.000
G02 X4.9306 Y81.1216 I-0.0014 J-0.1519 F360.000
G02 X5.2153 Y80.9923 I-1211.8607 J-2669.6750 F360.000
G03 X6.2339 Y80.2905 I9.8829 J13.2551 F360.000
G00 Z5.0000 F480


(No. 9: ?????????? 12)
G00 X74.0405 Y50.9098 Z5.0000 F2100
G00 Z0.5000 F480
G01 Z0.0000 F70.000
G01 Z-0.5000 F70.000
G02 X74.5190 Y50.4378 I-41.1351 J-42.1868 F360.000
G03 X74.8807 Y50.2299 I0.3992 J0.2760 F360.000
G03 X74.9887 Y50.8060 I-0.2132 J0.3381 F360.000
G03 X73.7834 Y52.9121 I-120.7604 J-67.7129 F360.000
G02 X73.2585 Y53.8340 I3828.5575 J2180.5196 F360.000
G02 X72.8015 Y54.7260 I4.1283 J2.6784 F360.000
G03 X72.2098 Y55.3422 I-3.3900 J-2.6623 F360.000
G03 X71.1159 Y54.8578 I1.6641 J-5.2358 F360.000
G03 X70.9667 Y54.1834 I0.2431 J-0.4075 F360.000
G03 X72.3217 Y52.6892 I4.2491 J2.4919 F360.000
G02 X72.6538 Y52.2804 I-0.5113 J-0.7545 F360.000
G03 X74.0405 Y50.9098 I42.9819 J42.1016 F360.000
G01 Z-1.0000 F70.000
G02 X72.6305 Y52.3120 I31.6722 J33.2579 F360.000
G03 X72.2576 Y52.7440 I-0.8615 J-0.3668 F360.000
G02 X70.9351 Y54.2583 I2.5196 J3.5348 F360.000
G02 X71.2494 Y54.9349 I0.4479 J0.2033 F360.000
G02 X72.2098 Y55.3422 I5.5703 J-11.7992 F360.000
G02 X72.8404 Y54.6632 I-1.7464 J-2.2540 F360.000
G03 X73.3756 Y53.6286 I4.8187 J1.8369 F360.000
G03 X74.9523 Y50.8838 I372.8822 J212.3794 F360.000
G02 X75.0434 Y50.4319 I-0.4066 J-0.3170 F360.000
G02 X74.8061 Y50.2349 I-0.2070 J0.0079 F360.000
G02 X74.2205 Y50.7338 I1.4133 J2.2524 F360.000
G03 X74.0405 Y50.9098 I-19.8143 J-20.0842 F360.000
G00 Z5.0000 F480


(No. 10: ?????????? 11)
G00 X73.0859 Y43.8411 Z5.0000 F2100
G00 Z0.5000 F480
G01 Z0.0000 F70.000
G01 Z-0.5000 F70.000
G02 X74.2755 Y42.7389 I-256.1817 J-277.6869 F360.000
G02 X74.3099 Y42.6702 I-0.0951 J-0.0904 F360.000
G03 X75.0445 Y42.1908 I3.1081 J3.9610 F360.000
G02 X75.2729 Y41.9222 I-0.2467 J-0.4411 F360.000
G03 X76.7480 Y40.8021 I5.0158 J5.0744 F360.000
G02 X77.5137 Y40.2767 I-1.1483 J-2.4942 F360.000
G03 X78.2786 Y39.7126 I2.2820 J2.2936 F360.000
G03 X79.2147 Y39.0867 I42.1684 J62.0526 F360.000
G03 X79.8389 Y38.9662 I0.4369 J0.5863 F360.000
G03 X79.9570 Y39.3197 I-0.1552 J0.2483 F360.000
G03 X79.4967 Y41.8359 I-39.7186 J-5.9664 F360.000
G03 X79.0211 Y42.9849 I-3.0277 J-0.5801 F360.000
G03 X78.9037 Y43.3360 I-15.2164 J-4.8952 F360.000
G02 X78.7097 Y43.4319 I0.6195 J1.4971 F360.000
G03 X78.3268 Y44.2454 I-2.1936 J-0.5355 F360.000
G03 X77.2189 Y46.0874 I-12.9180 J-6.5158 F360.000
G03 X75.8298 Y47.9835 I-19.3162 J-12.6945 F360.000
G03 X74.3368 Y49.6006 I-6.8950 J-4.8684 F360.000
G02 X74.1136 Y49.9083 I0.4379 J0.5523 F360.000
G03 X74.0102 Y50.0107 I-0.0680 J0.0347 F360.000
G02 X73.4957 Y50.3720 I0.3674 J1.0701 F360.000
G02 X71.8165 Y51.9483 I424.1211 J453.4926 F360.000
G03 X71.1737 Y52.5961 I-2.4403 J-1.7785 F360.000
G03 X69.7956 Y53.9107 I-14.1621 J-13.4665 F360.000
G03 X69.0355 Y54.6442 I-7.0570 J-6.5529 F360.000
G03 X68.2969 Y54.8613 I-0.6133 J-0.7214 F360.000
G02 X67.5651 Y54.9033 I-0.2519 J2.0100 F360.000
G03 X65.6908 Y55.1625 I-2.4785 J-11.0126 F360.000
G03 X65.5562 Y54.9748 I0.0316 J-0.1647 F360.000
G02 X65.3735 Y54.9458 I-0.1039 J0.0645 F360.000
G03 X65.3481 Y54.7875 I0.0143 J-0.0835 F360.000
G02 X65.5202 Y54.4808 I-0.1373 J-0.2787 F360.000
G02 X65.4776 Y53.0520 I-3.5981 J-0.6076 F360.000
G02 X65.4456 Y53.0150 I-0.0661 J0.0248 F360.000
G03 X65.3166 Y52.7041 I0.2003 J-0.2653 F360.000
G03 X65.4128 Y51.8810 I1.3353 J-0.2612 F360.000
G02 X65.5744 Y51.6408 I-0.0346 J-0.1977 F360.000
G03 X65.9343 Y51.2810 I0.7201 J0.3606 F360.000
G02 X66.1223 Y50.8767 I-0.3764 J-0.4209 F360.000
G03 X66.5319 Y50.4514 I0.8635 J0.4217 F360.000
G02 X66.8910 Y49.9980 I-0.4123 J-0.6954 F360.000
G03 X67.4632 Y49.2973 I2.0801 J1.1145 F360.000
G02 X68.1207 Y48.7131 I-4.6692 J-5.9181 F360.000
G02 X68.2733 Y48.4224 I-0.9497 J-0.6838 F360.000
G02 X69.4070 Y47.2664 I-325.0422 J-319.9052 F360.000
G03 X72.2357 Y44.6673 I88.5315 J93.5132 F360.000
G02 X73.0859 Y43.8411 I-5.8191 J-6.8389 F360.000
G01 Z-1.0000 F70.000
G03 X71.6335 Y45.1892 I-10.5653 J-9.9265 F360.000
G02 X69.0349 Y47.6263 I58.8359 J65.3400 F360.000
G03 X68.2553 Y48.4497 I-17.8015 J-16.0727 F360.000
G03 X67.8933 Y48.9249 I-0.7391 J-0.1875 F360.000
G02 X66.8948 Y49.9740 I2.2651 J3.1556 F360.000
G03 X66.4853 Y50.4892 I-0.8509 J-0.2560 F360.000
G02 X66.0994 Y50.9569 I0.3305 J0.6657 F360.000
G03 X65.7480 Y51.4123 I-0.5746 J-0.0801 F360.000
G02 X65.5410 Y51.7979 I0.2956 J0.4071 F360.000
G03 X65.4025 Y51.8901 I-0.1640 J-0.0961 F360.000
G02 Y52.9959 I1.4631 J0.5528 F360.000
G02 X65.4456 Y53.0150 I0.0432 J-0.0392 F360.000
G03 X65.5650 Y53.6953 I-1.1604 J0.5543 F360.000
G03 X65.4450 Y54.7130 I-2.3108 J0.2435 F360.000
G02 X65.3166 Y54.9288 I0.0546 J0.1786 F360.000
G02 X65.5123 Y54.9238 I0.0802 J-0.6892 F360.000
G03 X65.5845 Y55.1099 I-0.1776 J0.1760 F360.000
G02 X66.0295 Y55.1526 I0.2715 J-0.4900 F360.000
G03 X67.9276 Y54.8552 I7.6337 J42.5258 F360.000
G03 X68.3890 Y54.8774 I0.1912 J0.8331 F360.000
G02 X69.3896 Y54.3319 I-0.1536 J-1.4721 F360.000
G03 X70.8640 Y52.9081 I41.2242 J41.2163 F360.000
G02 X71.7804 Y52.0167 I-39.6789 J-41.7083 F360.000
G03 X72.5490 Y51.2637 I3.2249 J2.5227 F360.000
G03 X73.8279 Y50.0869 I216.1446 J233.6092 F360.000
G03 X74.1117 Y49.9920 I0.4863 J0.9823 F360.000
G02 X74.1136 Y49.9083 I-0.0329 J-0.0426 F360.000
G03 X74.6872 Y49.2792 I1.6092 J0.8910 F360.000
G02 X76.1038 Y47.6182 I-6.1820 J-6.7072 F360.000
G03 X76.6920 Y46.8609 I139.1914 J107.5035 F360.000
G02 X77.5397 Y45.6055 I-110.1569 J-75.2961 F360.000
G02 X78.4778 Y43.9883 I-74.9783 J-44.5733 F360.000
G02 X78.7097 Y43.4319 I-1.4458 J-0.9291 F360.000
G02 X78.9037 Y43.3360 I-3.2519 J-6.8209 F360.000
G03 X79.0640 Y42.9007 I2.1968 J0.5622 F360.000
G02 X79.5720 Y41.4491 I-2.7299 J-1.7700 F360.000
G02 X79.9633 Y39.1824 I-16.4281 J-4.0033 F360.000
G02 X79.6070 Y38.9432 I-0.2587 J0.0003 F360.000
G02 X78.5871 Y39.5057 I0.8193 J2.6917 F360.000
G02 X77.7573 Y40.0757 I3.2674 J5.6448 F360.000
G03 X76.7836 Y40.7945 I-3.3242 J-3.4846 F360.000
G02 X75.7278 Y41.5088 I2.1178 J4.2673 F360.000
G02 X75.2344 Y41.9894 I1.1046 J1.6278 F360.000
G03 X74.6259 Y42.4414 I-1.1033 J-0.8496 F360.000
G02 X74.3099 Y42.6702 I0.4727 J0.9857 F360.000
G03 X73.9386 Y43.0426 I-0.9225 J-0.5485 F360.000
G02 X73.0859 Y43.8411 I11.8567 J13.5152 F360.000
G00 Z5.0000 F480


(No. 11: ?????????? 10)
G00 X73.8418 Y41.5638 Z5.0000 F2100
G00 Z0.5000 F480
G01 Z0.0000 F70.000
G01 Z-0.5000 F70.000
G03 X72.3781 Y42.8887 I-96.9061 J-105.5860 F360.000
G03 X71.0759 Y44.1916 I-8.2426 J-6.9357 F360.000
G02 X70.5983 Y44.6274 I0.4797 J1.0054 F360.000
G03 X70.2128 Y44.9299 I-0.6844 J-0.4751 F360.000
G02 X70.0326 Y45.1964 I0.2358 J0.3538 F360.000
G03 X69.5850 Y45.5663 I-5.1403 J-5.7630 F360.000
G03 X69.0935 Y46.1468 I-4.8363 J-3.5969 F360.000
G03 X68.7822 Y46.3291 I-14.3421 J-24.1340 F360.000
G02 X68.7188 Y46.4543 I0.1641 J0.1617 F360.000
G03 X66.8931 Y48.2861 I-11.1686 J-9.3061 F360.000
G02 X66.6248 Y48.6509 I0.3770 J0.5582 F360.000
G03 X66.4859 Y48.7826 I-0.1392 J-0.0077 F360.000
G02 X66.0717 Y49.5227 I0.9480 J1.0165 F360.000
G03 X65.7450 Y49.6153 I-0.3190 J-0.5025 F360.000
G01 X65.7329 Y49.6232 F360.000
G01 X65.7262 Y49.6319 F360.000
G01 X65.7267 Y49.6466 F360.000
G01 X65.7346 Y49.6572 F360.000
G01 X65.7471 Y49.6688 F360.000
G01 X65.7544 Y49.6836 F360.000
G03 X65.4692 Y49.9920 I-0.5689 J-0.2401 F360.000
G02 X65.1569 Y50.3605 I10.2400 J8.9943 F360.000
G03 X64.8334 Y50.4570 I-0.7658 J-1.9765 F360.000
G01 X64.8235 Y50.4687 F360.000
G01 X64.8188 Y50.4817 F360.000
G01 X64.8194 Y50.4958 F360.000
G01 X64.8257 Y50.5107 F360.000
G01 X64.8356 Y50.5275 F360.000
G03 X64.3436 Y51.0701 I-1.1500 J-0.5484 F360.000
G03 X63.7904 Y51.3673 I-0.6940 J-0.6283 F360.000
G03 X63.1828 Y51.1401 I-0.0353 J-0.8313 F360.000
G01 X63.1775 Y51.1247 F360.000
G02 X62.5946 Y51.0342 I-0.4806 J1.1730 F360.000
G03 X62.4516 Y50.9833 I0.0001 J-0.2267 F360.000
G01 X62.4450 Y50.9676 F360.000
G01 X62.4486 Y50.9505 F360.000
G02 X62.4658 Y50.9168 I-0.0564 J-0.0500 F360.000
G01 X62.4640 Y50.9014 F360.000
G02 X62.0961 Y50.8256 I-0.2956 J0.5041 F360.000
G03 X61.5358 Y50.6882 I0.7241 J-4.1626 F360.000
G02 X58.4970 Y50.6909 I-1.5042 J16.7037 F360.000
G03 X57.3473 Y50.8461 I-0.9547 J-2.7366 F360.000
G02 X56.9605 Y50.9330 I-0.0615 J0.6301 F360.000
G01 X56.9571 Y50.9500 F360.000
G03 X56.4359 Y51.0503 I-0.4134 J-0.7432 F360.000
G02 X56.1690 Y51.1318 I-0.0269 J0.3897 F360.000
G01 X56.1638 Y51.1486 F360.000
G01 X56.1586 Y51.1653 F360.000
G03 X55.4206 Y51.1991 I-0.4080 J-0.8351 F360.000
G01 X55.4041 Y51.1807 F360.000
G01 X55.3960 Y51.1590 F360.000
G03 X55.7031 Y50.7797 I0.7098 J0.2607 F360.000
G03 X57.6784 Y49.0449 I69.9973 J77.7127 F360.000
G02 X58.2542 Y48.4511 I-1.3630 J-1.8976 F360.000
G02 X59.9312 Y46.9710 I-139.1200 J-159.3225 F360.000
G03 X60.5186 Y46.4407 I1.3638 J0.9201 F360.000
G02 X61.5797 Y45.5737 I-2.7335 J-4.4283 F360.000
G03 X61.7577 Y45.5177 I0.1027 J0.0154 F360.000
G02 X61.8776 Y45.4305 I0.0312 J-0.0831 F360.000
G03 X64.1742 Y43.5232 I25.5662 J28.4476 F360.000
G02 X64.7720 Y42.9704 I-2.2303 J-3.0118 F360.000
G03 X64.9327 Y42.8953 I0.1055 J0.0163 F360.000
G02 X65.5147 Y42.5604 I-0.3910 J-1.3525 F360.000
G03 X67.1012 Y41.4174 I12.0459 J15.0468 F360.000
G02 X67.9794 Y40.8240 I-2.1907 J-4.1889 F360.000
G03 X70.4020 Y39.1168 I19.0760 J24.4970 F360.000
G02 X70.9441 Y38.7652 I-0.6465 J-1.5906 F360.000
G03 X71.0613 Y38.5619 I0.7358 J0.2888 F360.000
G03 X71.5162 Y38.3429 I56.4793 J116.7140 F360.000
G03 X71.9670 Y37.9556 I5.7977 J6.2932 F360.000
G02 X72.3325 Y37.8225 I-0.9674 J-3.2239 F360.000
G03 X72.6854 Y37.5209 I1.8278 J1.7817 F360.000
G02 X73.0166 Y37.3959 I-0.1755 J-0.9656 F360.000
G03 X73.3758 Y37.0773 I1.3588 J1.1703 F360.000
G02 X73.9837 Y36.7507 I-0.5875 J-1.8228 F360.000
G03 X74.4062 Y36.6100 I1.9650 J5.1949 F360.000
G03 X74.4715 Y36.4817 I1.9889 J0.9317 F360.000
G02 X75.1774 Y36.0604 I-0.4638 J-1.5793 F360.000
G03 X75.7349 Y35.7889 I0.7635 J0.8596 F360.000
G03 X76.1900 Y35.4799 I0.5966 J0.3891 F360.000
G02 X76.8981 Y35.0596 I-2.2899 J-4.6644 F360.000
G03 X77.3012 Y34.9596 I13.0769 J51.8650 F360.000
G03 X77.4140 Y34.8192 I0.5623 J0.3364 F360.000
G02 X77.6927 Y34.7463 I-0.2099 J-1.3719 F360.000
G01 X77.6989 Y34.7327 F360.000
G02 X77.6728 Y34.6604 I-0.2622 J0.0536 F360.000
G01 X77.6742 Y34.6450 F360.000
G03 X78.0187 Y34.5661 I0.2906 J0.4774 F360.000
G02 X78.1444 Y34.4949 I-0.0156 J-0.1741 F360.000
G01 X78.1480 Y34.4782 F360.000
G01 X78.1532 Y34.4614 F360.000
G03 X78.6995 Y34.3665 I0.4350 J0.8837 F360.000
G02 X78.9374 Y34.2878 I0.0111 J-0.3653 F360.000
G01 X78.9426 Y34.2711 F360.000
G01 X78.9461 Y34.2543 F360.000
G03 X79.3289 Y34.1559 I0.3173 J0.4406 F360.000
G02 X79.4688 Y34.0807 I-0.0133 J-0.1926 F360.000
G01 X79.4723 Y34.0640 F360.000
G01 X79.4811 Y34.0377 F360.000
G03 X80.1023 Y33.9576 I0.4473 J1.0209 F360.000
G03 X80.8772 Y34.1417 I0.0788 J1.3910 F360.000
G03 X80.9464 Y34.8556 I-0.3681 J0.3960 F360.000
G02 X80.5327 Y35.6329 I3.9778 J2.6160 F360.000
G03 X80.0266 Y36.1402 I-1.5557 J-1.0458 F360.000
G02 X79.8329 Y36.4052 I0.4687 J0.5460 F360.000
G02 X79.4961 Y36.5217 I0.2671 J1.3176 F360.000
G03 X78.8395 Y37.2107 I-2.2454 J-1.4825 F360.000
G02 X76.2838 Y39.4364 I40.1557 J48.6876 F360.000
G02 X75.2415 Y40.3369 I5.5765 J7.5081 F360.000
G03 X74.5648 Y40.9405 I-2.1798 J-1.7626 F360.000
G02 X73.8418 Y41.5638 I12.2148 J14.9017 F360.000
G01 Z-1.0000 F70.000
G02 X75.2079 Y40.3984 I-53.0023 J-63.5168 F360.000
G03 X75.8635 Y39.7827 I2.1057 J1.5851 F360.000
G02 X78.1437 Y37.7895 I-67.0392 J-78.9957 F360.000
G02 X79.4061 Y36.6482 I-5.1819 J-7.0003 F360.000
G03 X79.7796 Y36.4309 I0.3387 J0.1524 F360.000
G02 X79.8957 Y36.2881 I-0.0498 J-0.1591 F360.000
G03 X80.4947 Y35.7113 I16.3200 J16.3463 F360.000
G03 X80.9464 Y34.8556 I4.7206 J1.9449 F360.000
G02 X80.8772 Y34.1417 I-0.4374 J-0.3179 F360.000
G02 X79.9112 Y33.9527 I-0.8359 J1.7093 F360.000
G02 X79.4811 Y34.0377 I-0.1014 J0.6176 F360.000
G01 X79.4723 Y34.0640 F360.000
G01 X79.4688 Y34.0807 F360.000
G03 X79.0860 Y34.1791 I-0.3173 J-0.4406 F360.000
G02 X78.9461 Y34.2543 I0.0133 J0.1925 F360.000
G01 X78.9426 Y34.2711 F360.000
G01 X78.9374 Y34.2878 F360.000
G03 X78.3910 Y34.3828 I-0.4350 J-0.8837 F360.000
G02 X78.1532 Y34.4614 I-0.0112 J0.3650 F360.000
G01 X78.1480 Y34.4782 F360.000
G01 X78.1444 Y34.4949 F360.000
G03 X77.7594 Y34.5933 I-0.3232 J-0.4621 F360.000
G02 X77.6742 Y34.6450 I0.0112 J0.1146 F360.000
G01 X77.6728 Y34.6604 F360.000
G03 X77.6989 Y34.7327 I-0.0818 J0.0703 F360.000
G03 X77.4381 Y34.8088 I-0.2622 J-0.4138 F360.000
G02 X77.3291 Y34.9398 I0.0468 J0.1497 F360.000
G03 X76.9682 Y35.0311 I-0.4676 J-1.0895 F360.000
G02 X76.3520 Y35.4017 I5.6458 J10.0843 F360.000
G02 X75.7748 Y35.7133 I0.6473 J1.8896 F360.000
G03 X75.5656 Y35.8332 I-0.1800 J-0.0716 F360.000
G02 X74.7753 Y36.3542 I2.1593 J4.1358 F360.000
G03 X74.4595 Y36.4945 I-12.7299 J-28.2214 F360.000
G03 X74.2162 Y36.6586 I-0.1985 J-0.0320 F360.000
G02 X73.4982 Y37.0435 I1.6639 J3.9656 F360.000
G02 X73.0689 Y37.3542 I0.1699 J0.6868 F360.000
G03 X72.7031 Y37.5120 I-0.4477 J-0.5348 F360.000
G02 X72.3136 Y37.8342 I2.2948 J3.1706 F360.000
G02 X71.9457 Y37.9688 I1.5524 J4.8142 F360.000
G03 X71.4901 Y38.3598 I-4.4991 J-4.7820 F360.000
G02 X71.0613 Y38.5619 I1.7069 J4.1760 F360.000
G02 X70.9290 Y38.7816 I4.5751 J2.9037 F360.000
G03 X70.3356 Y39.1561 I-1.5357 J-1.7760 F360.000
G02 X67.2364 Y41.3518 I53.0364 J78.1477 F360.000
G02 X66.1153 Y42.1155 I2.9307 J5.5071 F360.000
G03 X65.0407 Y42.8671 I-5.0456 J-6.0700 F360.000
G02 X64.7951 Y42.9133 I0.2077 J1.7781 F360.000
G03 X64.5530 Y43.1971 I-0.5034 J-0.1843 F360.000
G02 X62.0217 Y45.2860 I146.8845 J180.5730 F360.000
G02 X61.8195 Y45.5194 I0.7042 J0.8142 F360.000
G02 X61.6084 Y45.4997 I-0.1628 J0.6058 F360.000
G03 X61.3825 Y45.7811 I-0.5027 J-0.1722 F360.000
G03 X60.1478 Y46.7172 I-42.2210 J-54.4058 F360.000
G03 X59.7320 Y47.1612 I-20.5067 J-18.7897 F360.000
G02 X58.1774 Y48.5342 I15.5366 J19.1585 F360.000
G03 X57.3931 Y49.2775 I-2.6195 J-1.9786 F360.000
G03 X55.4813 Y50.9932 I-149.3867 J-164.5314 F360.000
G02 X55.3960 Y51.1590 I0.1332 J0.1735 F360.000
G01 X55.4041 Y51.1807 F360.000
G02 X55.8917 Y51.2468 I0.3500 J-0.7509 F360.000
G02 X56.1586 Y51.1653 I0.0269 J-0.3894 F360.000
G01 X56.1638 Y51.1486 F360.000
G01 X56.1690 Y51.1318 F360.000
G03 X56.7154 Y51.0369 I0.4350 J0.8837 F360.000
G02 X56.9571 Y50.9500 I0.0193 J-0.3259 F360.000
G01 X56.9605 Y50.9330 F360.000
G03 X57.6987 Y50.8365 I0.5684 J1.4766 F360.000
G02 X58.4970 Y50.6909 I0.0514 J-1.9798 F360.000
G03 X61.6383 Y50.7064 I1.4934 J15.6898 F360.000
G02 X62.4180 Y50.8631 I0.9758 J-2.8378 F360.000
G03 X62.4640 Y50.9014 I-0.0279 J0.0803 F360.000
G01 X62.4658 Y50.9168 F360.000
G03 X62.4486 Y50.9505 I-0.1233 J-0.0415 F360.000
G01 X62.4450 Y50.9676 F360.000
G01 X62.4516 Y50.9833 F360.000
G02 X62.9907 Y51.0594 I0.4575 J-1.2927 F360.000
G03 X63.1775 Y51.1247 I-0.0031 J0.3089 F360.000
G02 X63.5459 Y51.3296 I0.4114 J-0.3061 F360.000
G02 X64.2299 Y51.1591 I0.2137 J-0.6003 F360.000
G02 X64.8345 Y50.5529 I-1.0289 J-1.6307 F360.000
G01 X64.8367 Y50.5390 F360.000
G01 X64.8356 Y50.5275 F360.000
G01 X64.8257 Y50.5107 F360.000
G01 X64.8194 Y50.4958 F360.000
G01 X64.8188 Y50.4817 F360.000
G01 X64.8235 Y50.4687 F360.000
G03 X65.1247 Y50.3802 I0.6364 J1.6080 F360.000
G02 X65.3944 Y50.0660 I-0.8792 J-1.0279 F360.000
G02 X65.7453 Y49.7344 I-1.0737 J-1.4872 F360.000
G02 X65.7544 Y49.6836 I-0.0725 J-0.0393 F360.000
G01 X65.7471 Y49.6688 F360.000
G01 X65.7346 Y49.6572 F360.000
G01 X65.7267 Y49.6466 F360.000
G01 X65.7262 Y49.6319 F360.000
G02 X66.0316 Y49.5561 I-3.6206 J-15.2230 F360.000
G02 X66.1052 Y49.3953 I-0.0783 J-0.1332 F360.000
G03 X66.5076 Y48.7719 I1.1968 J0.3309 F360.000
G02 X66.6425 Y48.5814 I-0.0564 J-0.1830 F360.000
G03 X67.3883 Y47.8435 I3.0290 J2.3157 F360.000
G02 X68.7384 Y46.4172 I-5.7029 J-6.7504 F360.000
G03 X69.0088 Y46.2113 I0.3431 J0.1700 F360.000
G02 X69.5091 Y45.6475 I-1.5279 J-1.8599 F360.000
G03 X70.0220 Y45.2102 I5.7027 J6.1684 F360.000
G03 X70.1334 Y44.9984 I0.7940 J0.2825 F360.000
G02 X70.5593 Y44.6949 I-3.8928 J-5.9149 F360.000
G03 X71.0036 Y44.2426 I0.8430 J0.3836 F360.000
G02 X72.3356 Y42.9324 I-5.6914 J-7.1185 F360.000
G03 X73.6647 Y41.7262 I194.2478 J212.6892 F360.000
G03 X73.8418 Y41.5638 I11.6681 J12.5471 F360.000
G00 Z5.0000 F480


(No. 12: ?????????? 9)
G00 X69.7990 Y38.1575 Z5.0000 F2100
G00 Z0.5000 F480
G01 Z0.0000 F70.000
G01 Z-0.5000 F70.000
G03 X69.1620 Y38.5150 I-1.2517 J-1.4842 F360.000
G02 X68.9943 Y38.7346 I0.0259 J0.1936 F360.000
G03 X68.7892 Y38.8830 I-0.2481 J-0.1271 F360.000
G02 X65.2444 Y41.4308 I35.5074 J53.1404 F360.000
G03 X62.4261 Y43.4304 I-516.4620 J-724.9563 F360.000
G03 X62.2107 Y43.5175 I-0.2724 J-0.3637 F360.000
G01 X62.1959 Y43.5094 F360.000
G01 X62.1834 Y43.5041 F360.000
G01 X62.1717 Y43.5035 F360.000
G02 X62.1034 Y43.7154 I0.4168 J0.2512 F360.000
G03 X61.9048 Y43.8348 I-0.2924 J-0.2617 F360.000
G03 X61.8204 Y44.0704 I-378.5751 J-135.5545 F360.000
G02 X60.8304 Y44.7394 I2.2677 J4.4229 F360.000
G02 X60.0040 Y45.4426 I2.3859 J3.6408 F360.000
G03 X59.4950 Y45.7826 I-1.3034 J-1.4004 F360.000
G02 X58.6557 Y46.5532 I3.0013 J4.1113 F360.000
G02 X57.0383 Y47.9208 I375.7078 J445.9876 F360.000
G03 X54.8106 Y49.8911 I-22.9967 J-23.7551 F360.000
G02 X53.7898 Y50.8949 I13.1153 J14.3594 F360.000
G02 X53.2502 Y51.4207 I1.4451 J2.0229 F360.000
G03 X52.8243 Y51.8038 I-0.7448 J-0.3997 F360.000
G03 X52.3231 Y51.4254 I0.2252 J-0.8195 F360.000
G02 X51.6615 Y50.6714 I-2.4957 J1.5227 F360.000
G02 X51.0375 Y50.2169 I-1.3928 J1.2566 F360.000
G03 X50.6081 Y49.9009 I0.5090 J-1.1416 F360.000
G02 X50.2370 Y49.7602 I-0.9231 J1.8747 F360.000
G02 X50.1657 Y49.6381 I-0.2718 J0.0767 F360.000
G03 X49.8453 Y49.5531 I266.5023 J-1005.5238 F360.000
G03 X49.8034 Y49.4753 I0.0502 J-0.0773 F360.000
G02 X49.4205 Y49.3769 I-0.3173 J0.4407 F360.000
G03 X49.2806 Y49.3017 I0.0133 J-0.1926 F360.000
G01 X49.2771 Y49.2850 F360.000
G01 X49.2729 Y49.2682 F360.000
G02 X48.8219 Y49.1733 I-0.3675 J0.6271 F360.000
G03 X48.4758 Y49.0377 I0.0439 J-0.6214 F360.000
G02 X47.6199 Y48.9517 I-0.8954 J4.6109 F360.000
G03 X47.4073 Y48.8449 I-0.0159 J-0.2333 F360.000
G03 X47.7397 Y48.2082 I0.5874 J-0.0985 F360.000
G02 X48.4057 Y47.4539 I-6.8847 J-6.7491 F360.000
G03 X53.3323 Y43.0875 I50.9088 J52.4785 F360.000
G03 X53.8338 Y42.5975 I3.0972 J2.6688 F360.000
G02 X54.4611 Y42.2365 I-0.6314 J-1.8223 F360.000
G03 X56.9253 Y40.4284 I125.0910 J167.8964 F360.000
G02 X59.3257 Y38.8174 I-88.3202 J-134.1987 F360.000
G02 X59.7349 Y38.6291 I-0.9204 J-2.5384 F360.000
G03 X60.3889 Y38.1358 I1.8893 J1.8245 F360.000
G02 X60.7902 Y37.8734 I-0.0920 J-0.5788 F360.000
G03 X60.8424 Y37.7073 I0.2328 J-0.0180 F360.000
G01 X60.8539 Y37.7057 F360.000
G02 X61.1393 Y37.6598 I0.1150 J-0.1950 F360.000
G03 X62.0606 Y37.0646 I6.6969 J9.3545 F360.000
G03 X62.6942 Y36.8115 I58.2341 J144.8741 F360.000
G02 X62.7178 Y36.7775 I-0.0460 J-0.0573 F360.000
G01 X62.7183 Y36.7610 F360.000
G01 X62.7105 Y36.7453 F360.000
G01 X62.7021 Y36.7303 F360.000
G01 X62.7009 Y36.7161 F360.000
G01 X62.7063 Y36.7029 F360.000
G03 X63.0797 Y36.6341 I0.3674 J0.9462 F360.000
G02 X63.2836 Y36.4991 I-0.0489 J-0.2954 F360.000
G03 X64.4139 Y35.9914 I1.7071 J2.2883 F360.000
G03 X64.8782 Y35.6574 I6.5365 J8.5980 F360.000
G03 X65.1741 Y35.5862 I1.6098 J6.0364 F360.000
G02 X65.6151 Y35.2757 I-1.7927 J-3.0149 F360.000
G03 X66.0271 Y35.1727 I0.6882 J1.8788 F360.000
G02 X66.1262 Y35.0452 I-0.0738 J-0.1596 F360.000
G03 X66.4552 Y34.9536 I2.0931 J6.8818 F360.000
G03 X66.5297 Y34.8381 I0.2879 J0.1040 F360.000
G03 X66.9865 Y34.7282 I1.6810 J5.9813 F360.000
G03 X67.5879 Y34.3980 I7.3472 J12.6718 F360.000
G02 X68.2375 Y34.0873 I-0.2498 J-1.3566 F360.000
G03 X68.7114 Y33.9182 I1.0397 J2.1643 F360.000
G03 X68.7849 Y33.8027 I0.2710 J0.0912 F360.000
G03 X69.2235 Y33.7158 I1.3127 J5.4776 F360.000
G02 X69.2768 Y33.6535 I-0.0169 J-0.0684 F360.000
G03 X70.1021 Y33.3720 I1.1525 J2.0283 F360.000
G02 X70.4589 Y33.2282 I-0.2199 J-1.0598 F360.000
G01 X70.4667 Y33.2133 F360.000
G01 X70.4693 Y33.2002 F360.000
G03 X70.7825 Y33.1123 I0.3093 J0.5005 F360.000
G02 X70.8684 Y33.0121 I-0.0255 J-0.1088 F360.000
G03 X71.3470 Y32.9166 I0.3845 J0.6801 F360.000
G02 X71.5227 Y32.8602 I-0.0012 J-0.3054 F360.000
G01 X71.5272 Y32.8476 F360.000
G01 X71.5321 Y32.8309 F360.000
G03 X72.5367 Y32.5080 I1.0853 J1.6525 F360.000
G02 X72.7223 Y32.3908 I0.0194 J-0.1748 F360.000
G03 X73.1733 Y32.2958 I0.3675 J0.6271 F360.000
G02 X73.4801 Y32.1790 I-0.0213 J-0.5172 F360.000
G03 X75.2912 Y32.1139 I1.1862 J7.7687 F360.000
G03 X76.2849 Y32.2704 I0.1026 J2.5817 F360.000
G03 X76.9744 Y32.9677 I-0.3914 J1.0765 F360.000
G03 X76.7181 Y33.5069 I-0.6483 J0.0223 F360.000
G03 X76.2446 Y33.7848 I-0.6010 J-0.4816 F360.000
G03 X75.7820 Y34.1277 I-2.1327 J-2.3934 F360.000
G02 X75.4438 Y34.2178 I0.2465 J1.6053 F360.000
G02 X75.1998 Y34.5211 I0.9903 J1.0462 F360.000
G03 X74.8934 Y34.6467 I-1.1694 J-2.4171 F360.000
G03 X73.4957 Y35.5441 I-7.8231 J-10.6470 F360.000
G02 X72.3790 Y36.4014 I10.7420 J15.1486 F360.000
G02 X71.7284 Y36.7731 I0.6505 J1.8937 F360.000
G03 X69.7990 Y38.1575 I-104.0174 J-142.9252 F360.000
G01 Z-1.0000 F70.000
G03 X72.1429 Y36.5029 I35.4757 J47.7670 F360.000
G02 X72.8988 Y35.9756 I-0.7351 J-1.8594 F360.000
G03 X74.6188 Y34.8443 I14.9441 J20.8462 F360.000
G03 X75.1623 Y34.5508 I0.7594 J0.7563 F360.000
G02 X75.3789 Y34.2660 I-0.7726 J-0.8124 F360.000
G03 X75.7367 Y34.1446 I0.3598 J0.4723 F360.000
G02 X76.2446 Y33.7848 I-1.2029 J-2.2362 F360.000
G02 X76.8743 Y33.3242 I-0.2002 J-0.9344 F360.000
G02 X76.7864 Y32.6294 I-0.3945 J-0.3030 F360.000
G02 X75.6315 Y32.1354 I-1.1342 J1.0546 F360.000
G02 X73.4801 Y32.1790 I-0.9064 J8.3649 F360.000
G03 X72.8931 Y32.3156 I-0.4987 J-0.8140 F360.000
G02 X72.7223 Y32.3908 I0.0083 J0.2503 F360.000
G03 X72.4327 Y32.5127 I-0.2180 J-0.1127 F360.000
G02 X71.5321 Y32.8309 I0.1289 J1.7983 F360.000
G01 X71.5272 Y32.8476 F360.000
G01 X71.5227 Y32.8602 F360.000
G03 X71.0210 Y32.9408 I-0.4340 J-1.0986 F360.000
G02 X70.8684 Y33.0121 I0.0104 J0.2214 F360.000
G03 X70.6027 Y33.1365 I-0.2116 J-0.1059 F360.000
G02 X70.4693 Y33.2002 I0.0043 J0.1807 F360.000
G01 X70.4667 Y33.2133 F360.000
G01 X70.4589 Y33.2282 F360.000
G03 X69.5194 Y33.5307 I-1.8831 J-4.2375 F360.000
G02 X69.2768 Y33.6535 I0.1056 J0.5098 F360.000
G03 X68.9671 Y33.7549 I-0.2389 J-0.2058 F360.000
G02 X68.7114 Y33.9182 I-0.0361 J0.2253 F360.000
G02 X68.2890 Y34.0589 I0.6836 J2.7569 F360.000
G03 X67.6856 Y34.3748 I-1.0995 J-1.3656 F360.000
G02 X67.1005 Y34.6769 I0.5391 J1.7620 F360.000
G03 X66.5401 Y34.8315 I-1.2390 J-3.3982 F360.000
G02 X66.4457 Y34.9598 I2.0378 J1.5979 F360.000
G02 X66.1262 Y35.0452 I0.2958 J1.7476 F360.000
G03 X66.0507 Y35.1607 I-0.1805 J-0.0355 F360.000
G02 X65.5923 Y35.2882 I0.5044 J2.7015 F360.000
G03 X65.1955 Y35.5772 I-1.5769 J-1.7477 F360.000
G03 X64.8996 Y35.6485 I-1.6086 J-6.0312 F360.000
G02 X64.4534 Y35.9707 I1.3765 J2.3768 F360.000
G03 X64.0990 Y36.0754 I-0.5243 J-1.1227 F360.000
G02 X63.1423 Y36.6160 I0.8886 J2.6893 F360.000
G02 X62.7181 Y36.6908 I1.4093 J9.2369 F360.000
G01 X62.7063 Y36.7029 F360.000
G01 X62.7009 Y36.7161 F360.000
G01 X62.7021 Y36.7303 F360.000
G01 X62.7105 Y36.7453 F360.000
G01 X62.7183 Y36.7610 F360.000
G01 X62.7178 Y36.7775 F360.000
G03 X62.3587 Y36.9318 I-0.3971 J-0.4293 F360.000
G02 X61.3507 Y37.5267 I1.4956 J3.6854 F360.000
G03 X60.9216 Y37.7363 I-0.5592 J-0.6009 F360.000
G02 X60.8539 Y37.7057 I-0.5029 J1.0224 F360.000
G01 X60.8424 Y37.7073 F360.000
G02 X60.7536 Y37.9344 I6.2259 J2.5663 F360.000
G03 X60.3299 Y38.1650 I-0.6904 J-0.7638 F360.000
G02 X59.6517 Y38.6830 I5.1836 J7.4895 F360.000
G02 X58.7264 Y39.2186 I0.8659 J2.5632 F360.000
G02 X55.5377 Y41.4510 I31.0386 J47.7280 F360.000
G03 X53.9830 Y42.5405 I-8.2167 J-10.0709 F360.000
G02 X53.4743 Y42.9504 I0.3612 J0.9689 F360.000
G03 X52.2472 Y43.9867 I-9.6959 J-10.2365 F360.000
G02 X48.7126 Y47.1584 I37.2611 J45.0807 F360.000
G02 X47.9125 Y48.0483 I3.6301 J4.0685 F360.000
G02 X47.4770 Y48.4520 I5.8688 J6.7660 F360.000
G02 X47.4361 Y48.8889 I0.4027 J0.2580 F360.000
G02 X48.1935 Y48.9860 I0.6236 J-1.8636 F360.000
G03 X48.6596 Y49.1390 I-0.0014 J0.7907 F360.000
G03 X49.2145 Y49.2239 I-2.0723 J15.3897 F360.000
G03 X49.2729 Y49.2682 I-0.0371 J0.1094 F360.000
G01 X49.2771 Y49.2850 F360.000
G01 X49.2806 Y49.3017 F360.000
G02 X49.6634 Y49.4001 I0.3173 J-0.4406 F360.000
G03 X49.8034 Y49.4753 I-0.0133 J0.1925 F360.000
G02 X50.0531 Y49.5986 I0.1983 J-0.0870 F360.000
G03 X50.2231 Y49.7466 I0.0051 J0.1658 F360.000
G02 X50.5298 Y49.8527 I0.6850 J-1.4840 F360.000
G02 X50.9644 Y50.1937 I6.0825 J-7.3061 F360.000
G03 X51.3986 Y50.4443 I-0.1658 J0.7888 F360.000
G03 X52.3151 Y51.3925 I-2.6766 J3.5042 F360.000
G02 X52.7217 Y51.7755 I0.6885 J-0.3236 F360.000
G02 X53.0406 Y51.6759 I0.1031 J-0.2304 F360.000
G02 X53.3078 Y51.3305 I-0.5807 J-0.7253 F360.000
G02 X54.4280 Y50.2362 I-7.8434 J-9.1495 F360.000
G03 X56.4199 Y48.5063 I166.0678 J189.2012 F360.000
G03 X57.7598 Y47.3094 I11.5005 J11.5269 F360.000
G02 X59.1960 Y46.0130 I-6.9973 J-9.1955 F360.000
G03 X59.9475 Y45.5053 I4.9969 J6.5855 F360.000
G03 X60.4663 Y45.0241 I1.6265 J1.2336 F360.000
G03 X61.7586 Y44.1074 I5.2976 J6.0983 F360.000
G02 X61.8784 Y43.8709 I-0.1586 J-0.2289 F360.000
G03 X62.0605 Y43.7713 I0.2040 J0.1566 F360.000
G02 X62.1424 Y43.5274 I-0.2971 J-0.2355 F360.000
G03 X62.1717 Y43.5035 I0.0371 J0.0155 F360.000
G01 X62.1834 Y43.5041 F360.000
G01 X62.1959 Y43.5094 F360.000
G01 X62.2107 Y43.5175 F360.000
G02 X63.0687 Y42.9826 I-1.0446 J-2.6311 F360.000
G02 X67.6078 Y39.6818 I-82.9668 J-118.8671 F360.000
G03 X68.8703 Y38.8464 I6.0369 J7.7504 F360.000
G02 X69.0285 Y38.5957 I-0.1056 J-0.2419 F360.000
G03 X69.2449 Y38.4920 I0.2181 J0.1773 F360.000
G02 X69.7990 Y38.1575 I-2.4323 J-4.6564 F360.000
G00 Z5.0000 F480
G00 X0.0000 Y0.0000 F2100

M05
M30
